Nº BO,Tipo Registro,Data,Hora,Tipo de BO,Natureza / Crime,Endereço,Município,UF,Nº Presos,Nº Apreensões s/ Prisão,Drogas TOTAL (kg),Cocaína/CH (kg),Pasta Base (kg),Maconha (kg),Crack (kg),Óxi (kg),Metanfetamina (kg),Ecstasy (comprimidos),Armas Apreend.,Munições Apreend.,Veículos Apreend.,Gasolina Boliviana (L),Diesel Boliviano (L),GLP (botijas),Cigarros (maços),Madeira Apreendida (m³),Desc. Celulares (un.),Desc. Roupas (un.),Mercadorias Descaminho (R$),Eletrônicos (un.),Embarcações (un.),Motor de Popa (un.),Ouro (g),Animais/Pescado (R$),Folha de Coca (kg),Dinheiro (R$),Meio,Ambiente,Destino dos Envolvidos,Latitude,Longitude,Descrição Resumida,Nacionalidade,Prejuízo Estimado (R$),Valor Estimado Descaminho (R$),Valor Estimado Veículos (R$),Multa (R$),Operação
3284800442,Boletim de Ocorrência,12/09/2026,18:37:37,Tráfico de drogas / Arma de fogo,"Tráfico de drogas (Lei 11.343/06, Art. 33) / Posse ou porte ilegal de arma de fogo de uso restrito (Lei 10.826/03, Art. 16)",,Monte Negro,RO,3,0,"3644,7","185,3",84,"3375,4",,,,,1,12,3,,,,,,,,,6,,,,,,40893,Terrestre,Rural,,"-10,225737","-63,380628",,Brasileira,58857000,,198807,,Protetor da Fronteira e Divisas
3284800441,Boletim de Ocorrência,10/09/2026,21:01:46,Mobile,Apoio a órgãos da administração pública / Tráfico de drogas (apreensão sem autoria),,Guajará-Mirim,RO,0,0,"2,5",,,"2,5",,,,,,,,,,,,,,,,,,,,,,,A pé (incursão em mata),Rural - área de mata / região alagada (porto clandestino),,"-10,795104","-65,337422",,,30000,,,,Operação Conjunta Integrada
991942,COP,19/08/2026,15:24:23,COP,Recaptura de foragido/evadido [SEM MANDADO ABERTO],,Ariquemes,RO,0,0,,,,,,,,,,,,,,,,,,,,,,,,,,,Terrestre,Via pública,,"-9,894877","-63,053167",,Brasileira,,,,,Brasil Contra o Crime Organizado Fronteira e Divisas
3343900340,PA,17/08/2026,21:30:11,PA,Cumprimento de Mandado de Prisão de pessoa maior/Apreensão de Adolescente / Uso de documento falso,,Ariquemes,RO,1,0,,,,,,,,,,,,,,,,,,,,,,,,,,,Terrestre,Residência,,"-9,895815","-63,023744",,Brasileira,,,,,Brasil Contra o Crime Organizado Fronteira e Divisas
3346500315,PA,15/08/2026,14:20:32,Prisão/Apreensão,CUMPRIMENTO DE MANDADO DE PRISÃO,,Buritis,RO,1,0,,,,,,,,,,,,,,,,,,,,,,,,,,,Terrestre,Residência,,"-10,213028","-63,848618",,Brasileira,,,,,Brasil Contra o Crime Organizado Fronteira e Divisas
3319600291,Comunicação de Ocorrência Policial (COP),14/08/2026,10:59:24,Crime Ambiental,"Lei 9.605/98, Art. 46, Parágrafo Único - Vender, transportar, guardar madeira e outros produtos vegetais sem licença válida",,Porto Velho,RO,0,0,,,,,,,,,,,1,,,,,"1427,363",,,,,,,,,,,Terrestre,Urbano,,"-9,655389","-65,748861",,Brasileira,"2819253,4",,250000,"428208,9",Operação Conjunta Integrada
3313300324,Boletim de Ocorrência,13/08/2026,11:50:00,Crime ambiental,"Lei 9.605/98 Art. 46, parágrafo único - Vender, transportar, guardar madeira sem licença válida / Lei 9.605/98 Art. 69 - Obstar ou dificultar a ação fiscalizadora / Lei 9.605/98 Art. 60 - Fazer funcionar estabelecimento potencialmente poluidor sem licença / Lei 9.605/98 Art. 69-A - Apresentar informação falsa ou enganosa em procedimento ambiental",,Porto Velho,RO,0,1,,,,,,,,,,,,,,,,"1610,686",,,,,,,,,,,Terrestre,Urbano,,"-9,660333","-65,738444",,Brasileira,"5115090,34",,,"2699061,34",Outros
3287301220,TCO,12/08/2026,00:35:45,TCO,"TRANSPORTE DE MADEIRA SEM LICENÇA VÁLIDA (LEI 9605/98, ART. 46, PARÁGRAFO ÚNICO)",,Porto Velho,RO,0,2,,,,,,,,,,,2,,,,,"37,3616",,,,,,,,,,,Terrestre,Rodovia,,"-9,942498","-64,979787",,Brasileira,"280546,88",,213296,"11208,48",Protetor da Fronteira e Divisas
3329902555,BO,07/08/2026,19:41:03,PA,CUMPRIMENTO DE MANDADO DE PRISÃO DE PESSOA MAIOR,,Alta Floresta D'Oeste,RO,1,0,,,,,,,,,,,,,,,,,,,,,,,,,,,Terrestre,Via pública,,"-11,9270804","-62,0097442",,Brasileira,,,,,Brasil Contra o Crime Organizado Fronteira e Divisas
3343900314,BO,07/08/2026,17:38:50,PA,TRÁFICO DE DROGAS,,Ariquemes,RO,1,0,"0,366","0,366",,,,,,,,,,,,2,,,,,,,,,,,,"4531,2",Terrestre,Residência,,"-9,9215051","-63,0151135",,Brasileira,"14281,2",,,,Brasil Contra o Crime Organizado Fronteira e Divisas
3343900312,BO,06/08/2026,18:57:22,PA,CUMPRIMENTO DE MANDADO DE PRISÃO DE PESSOA MAIOR / MANDADO DE RECAPTURA,,Ariquemes,RO,1,0,,,,,,,,,,,,,,,,,,,,,,,,,,10,Terrestre,Residência,,"-9,9349408","-63,0203437",,Brasileira,10,,,,Brasil Contra o Crime Organizado Fronteira e Divisas
3337500415,PA,06/08/2026,09:42:51,Prisão/Apreensão,"TRÁFICO DE DROGAS (ART. 33, LEI 11.343/06) / DESOBEDIÊNCIA (ART. 330, CP)",,Rolim de Moura,RO,1,0,"414,9",,"2,9",412,,,,,,,1,,,,,,1,,,,,,,,,486,Terrestre,Rodovia,,"-11,726645","-61,556373",,Brasileira,2340597,6500,128611,,Brasil Contra o Crime Organizado Fronteira e Divisas
3343900313,PA,06/08/2026,21:43:09,PA,"Cumprimento de Mandado de Prisão de pessoa maior / Furto qualificado (art. 155, §4º, CP)",,Ariquemes,RO,1,0,,,,,,,,,,,,,,,,,,,,,,,,,,,Terrestre,Via pública,,"-9,91135","-63,044773",,Brasileira,,,,,Brasil Contra o Crime Organizado Fronteira e Divisas
3381200209,PA,05/08/2026,19:27:52,PA,CUMPRIMENTO DE MANDADO DE PRISÃO DE PESSOA MAIOR,,Ariquemes,RO,1,0,,,,,,,,,,,,,,,,,,,,,,,,,,,Terrestre,Residência,,"-9,908159","-63,038044",,Brasileira,,,,,Brasil Contra o Crime Organizado Fronteira e Divisas
3287301219,Apoio,05/08/2026,10:49:52,Apoio,Usurpação de bens ou matérias-primas da União (art. 2º da Lei nº 8.176/1991) / Extração de recursos minerais sem autorização (art. 55 da Lei nº 9.605/1998) / Apoio aos órgãos de segurança pública,,Guajará-Mirim,RO,1,0,,,,,,,,,,,,,,,,,,,,,,,1236,,,,Terrestre,Rodovia,,"-10,789181","-65,343228",,Brasileira,432600,,,,Brasil Contra o Crime Organizado Fronteira e Divisas
3271001554,COP,05/08/2026,19:56:15,PA,Art. 180 do CP (Receptação) / Art. 311 do CP (Adulteração de sinal identificador de veículo automotor),,Porto Velho,RO,3,0,,,,,,,,,,,1,,,,,,,,,,,,,,,,Terrestre,Via pública,,"-8,749453","-63,873544",,Brasileira,16000,,16000,,Brasil Contra o Crime Organizado Fronteira e Divisas
3284800440,COP,04/08/2026,20:24:49,COP,Contrabando,,Guajará-Mirim,RO,0,1,,,,,,,,,,,,,,,500,,,,,,,,,,,,Terrestre,Via pública,,"-10,794722","-65,345278",,Internacional,4900,,,,Brasil Contra o Crime Organizado Fronteira e Divisas
3284800439,COP,04/08/2026,17:33:34,Comunicação,"CONTRABANDO (ART. 334-A, CP) - CIGARROS DE ORIGEM ESTRANGEIRA",,Nova Mamoré,RO,0,1,,,,,,,,,,,,,,,1000,,,,,,,,,,,,Terrestre,Rodovia,,"-10,399722","-65,290833",,Internacional,9800,,,,Brasil Contra o Crime Organizado Fronteira e Divisas
3271001551,COP,04/08/2026,18:43:29,BO,"Encontro/Recuperação de bem/objeto ou veículos Furtados/Roubados / Posse ou porte ilegal de arma de fogo de uso restrito (art. 16, Lei 10.826/03) - CONFIRMAR",,Porto Velho,RO,0,1,,,,,,,,,1,4,,,,,,,,,,,,,,,,,Terrestre,Via pública,,"-8,723467","-63,853704",,Brasileira,8000,,,,Brasil Contra o Crime Organizado Fronteira e Divisas
3284800438,COP,03/08/2026,14:22:05,COP,Descaminho (art. 334 do Código Penal),,Guajará-Mirim,RO,0,1,,,,,,,,,,,1,,,10,,,,,,,,,,,,,Terrestre,Via pública,,"-10,780424","-65,332782",,Internacional,18000,,15000,,Brasil Contra o Crime Organizado Fronteira e Divisas
3309601456,BO,03/08/2026,18:59:43,PA,"LEI 11.343/06, Art. 33 - Tráfico de drogas / LEI 10.826/03, Art. 14 - Porte ilegal de arma de fogo de uso permitido",,Porto Velho,RO,1,0,"10,886","0,084",,"10,801",,"0,001",,,1,5,1,,,,,,,,,2,,,,,,,Terrestre,Via pública,,"-8,741549","-63,858168",,Brasileira,144175,,85000,,Brasil Contra o Crime Organizado Fronteira e Divisas
3307000837,PA,02/08/2026,19:41:53,PA,Art. 311 do CP - Adulteração de sinal identificador de veículo automotor,,Porto Velho,RO,1,0,,,,,,,,,,,1,,,,,,,,,,,,,,,,Terrestre,Via pública,,"-8,762415","-63,819629",,Brasileira,8500,,8500,,Brasil Contra o Crime Organizado Fronteira e Divisas
3283700771,COP,02/08/2026,19:23:32,BO,PESCA EM LOCAL PROIBIDO / INTERDITADO POR ORGAO COMPETENTE (ART. 34 DA LEI 9.605/98) / USO DE PETRECHO DE PESCA PROIBIDO / APREENSAO DE ARTEFATOS EXPLOSIVOS ARTESANAIS,,Porto Velho,RO,0,1,,,,,,,,,,,,,,,,,,,,,1,1,,,,,Fluvial,"Área fluvial (Rio Madeira, entorno da UHE Santo Antônio)",,"-8,797132","-63,949703",,Brasileira,30000,,30000,,Brasil Contra o Crime Organizado Fronteira e Divisas
3271102099,PA,02/08/2026,12:57:51,PA,"Tráfico de drogas (Art. 33, Lei 11.343/06) / Associação para o tráfico (Art. 35, Lei 11.343/06) / Organização criminosa (Lei 12.850/2013) / Corrupção de menores (Art. 244-B do ECA) / Cumprimento de mandado de prisão",,Porto Velho,RO,3,0,"0,091","0,012",,"0,028","0,051",,,,,,,,,,,,,,,,,,,,,2459,Terrestre,Residência,,"-9,657833","-65,737052",,Brasileira,3409,,,,Brasil Contra o Crime Organizado Fronteira e Divisas
3295701586,PA,02/08/2026,19:04:33,PA,"Cumprimento de Mandado de Prisão de pessoa maior / Estupro de vulnerável (art. 217-A, §1º, CP)",,Porto Velho,RO,1,0,,,,,,,,,,,,,,,,,,,,,,,,,,,Terrestre,Via pública,,"-8,760986","-63,812119",,Brasileira,,,,,Brasil Contra o Crime Organizado Fronteira e Divisas
3287900724,PA,30/07/2026,14:10:08,PA,"CUMPRIMENTO DE MANDADO DE PRISAO DE PESSOA MAIOR / FURTO QUALIFICADO (ART. 155, §4º, CP)",,Jaru,RO,1,0,,,,,,,,,,,,,,,,,,,,,,,,,,,Terrestre,Estabelecimento comercial (hotel),,"-10,428056","-62,475278",,Brasileira,,,,,Brasil Contra o Crime Organizado Fronteira e Divisas
3381100056,BO,30/07/2026,22:16:37,PA,TRÁFICO DE DROGAS / DESOBEDIÊNCIA,,Machadinho D'Oeste,RO,2,0,"0,001",,,"0,001",,,,,,,,,,,,,,,,,,,,,,1629,Terrestre,Residência,,"-9,423025","-61,99125",,Brasileira,1634,,,,Brasil Contra o Crime Organizado Fronteira e Divisas
3284800434,COP,29/07/2026,9:02:56,COP,Descaminho (art. 334 do Código Penal),,Porto Velho,RO,0,1,,,,,,,,,,,1,,,,,,,,,2,,,,,,,Fluvial,Zona rural,,"-9,94687","-66,666124",,Internacional,783400,723400,60000,,Brasil Contra o Crime Organizado Fronteira e Divisas
3279401497,BO,29/07/2026,20:50:30,PA,"Art. 121 do CP - Homicídio Doloso (Tentado) / Lei 10.826/03, Art. 14 - Porte ilegal de arma de fogo de uso permitido / Art. 329 do CP - Resistência / Art. 330 do CP - Desobediência / Art. 180 do CP - Receptação / Art. 309 do CTB - Direção Perigosa",,Porto Velho,RO,1,0,,,,,,,,,1,4,1,,,,,,,,,,,,,,,,Terrestre,Via pública,,"-8,778612","-63,855716",,Brasileira,18000,,15000,,Brasil Contra o Crime Organizado Fronteira e Divisas
982570,COP,29/07/2026,18:54:44,PA,TENTATIVA DE HOMICÍDIO / AMEAÇA / RESISTÊNCIA,,Machadinho D'Oeste,RO,1,0,,,,,,,,,,,,,,,,,,,,,,,,,,,Terrestre,Residência,,"-9,4201866","-61,9901175",,Brasileira,,,,,Brasil Contra o Crime Organizado Fronteira e Divisas
3345100294,BO,29/07/2026,21:30:58,BO,Encontro/Recuperação de bem/objeto ou veículos Furtados/Roubados,,Santa Luzia D'Oeste,RO,0,1,,,,,,,,,,,1,,,,,,,,,,,,,,,,Terrestre,Rodovia,,"-11,905509","-61,853252",,Brasileira,9500,,9500,,Brasil Contra o Crime Organizado Fronteira e Divisas
3330600408,BO,29/07/2026,21:49:58,PA,"Sinistro de trânsito (com pessoa ferida ou morta) / Art. 306 CTB - Conduzir veículo automotor com capacidade psicomotora alterada em razão da influência de álcool / Art. 163, § Único, III CP - Dano qualificado contra patrimônio público",,Santa Luzia D'Oeste,RO,1,0,,,,,,,,,,,,,,,,,,,,,,,,,,,Terrestre,Rodovia,,"-11,906082","-61,853133",,Brasileira,,,,,Brasil Contra o Crime Organizado Fronteira e Divisas
3284600912,PA,28/07/2026,15:15:21,PA,Recaptura de Foragido / Cumprimento de Mandado de Prisão (art. 33 da Lei 11.343/2006),,Guajará-Mirim,RO,1,0,,,,,,,,,,,,,,,,,,,,,,,,,,,Terrestre,Via pública,,"-10,793232","-65,347241",,Brasileira,,,,,Brasil Contra o Crime Organizado Fronteira e Divisas
3381100053,BO,28/07/2026,06:08:34,PA,RECAPTURA DE FORAGIDO / POSSE IRREGULAR DE ARMA DE FOGO DE USO PERMITIDO / POSSE IRREGULAR DE MUNIÇÃO DE USO PERMITIDO,,Alto Paraíso,RO,1,0,,,,,,,,,1,16,,,,,,,,,,,,,,,,,Terrestre,Zona rural,,"-9,614774","-63,731796",,Brasileira,15000,,,,Brasil Contra o Crime Organizado Fronteira e Divisas
3374900096,COP,27/07/2026,12:05:25,COP,Contrabando (art. 334-A do CP),,Guajará-Mirim,RO,0,1,,,,,,,,,,,,,,,,,,,,,,,,,,,Terrestre,Via pública,,"-10,792879","-65,346672",,Internacional,40000,40000,,,Brasil Contra o Crime Organizado Fronteira e Divisas
3349700860,COP,27/07/2026,17:39:08,COP,"CRIME CONTRA A FAUNA (LEI 9.605/98, ART. 29, §1º, I - IMPEDIR A PROCRIACAO DA FAUNA)",,Machadinho D'Oeste,RO,0,0,,,,,,,,,,,,,,,,,,,,,,,,,,,Terrestre,Zona rural,,"-8,9707279","-62,1219725",,Brasileira,,,,,Brasil Contra o Crime Organizado Fronteira e Divisas
3286201035,PA,27/07/2026,15:01:37,PA,Art. 180 do CP (Receptação) / Encontro-Recuperação de bem/objeto ou veículo furtado/roubado,,São Miguel do Guaporé,RO,2,0,,,,,,,,,,,1,,,,,,,,,,,,,,,,Terrestre,Rodovia,,"-11,724458","-62,680946",,Brasileira,13500,,13500,,Brasil Contra o Crime Organizado Fronteira e Divisas
3330600407,PA,27/07/2026,16:59:07,PA,"LEI 10.826/03, Art. 14 - Porte ilegal de arma de fogo de uso permitido / LEI 10.826/03, Art. 14 - Porte ilegal de munição ou acessório de uso permitido",,Alta Floresta D'Oeste,RO,1,0,,,,,,,,,2,23,,,,,,,,,,,,,,,,,Terrestre,Rodovia,,"-12,642726","-62,133497",,Brasileira,18000,,,,Brasil Contra o Crime Organizado Fronteira e Divisas
3258601104,TCO,26/07/2026,15:37:41,TCO,"TRANSPORTE DE MADEIRA SEM LICENÇA VÁLIDA (LEI 9605/98, ART. 46, PARÁGRAFO ÚNICO)",,Porto Velho,RO,0,1,,,,,,,,,,,1,,,,,"26,1989",,,,,,,,,,,Terrestre,Rodovia,,"-9,66196","-65,770775",,Brasileira,"289298,35",,250000,,Brasil Contra o Crime Organizado Fronteira e Divisas
3330600406,PA,26/07/2026,20:25:19,PA,"LEI 10.826/03, Art. 16, IV - Posse ou porte de arma de fogo com sinal identificador suprimido ou adulterado / LEI 10.826/03, Art. 12 - Posse irregular de munição ou acessório de uso permitido",,Alta Floresta D'Oeste,RO,1,0,,,,,,,,,1,4,,,,,,,,,,,,,,,,,Terrestre,Rodovia,,"-12,08726","-61,992515",,Brasileira,3000,,,,Brasil Contra o Crime Organizado Fronteira e Divisas
3258601100,BO,25/07/2026,17:11:37,PA,RECAPTURA DE FORAGIDO / CUMPRIMENTO DE MANDADO DE PRISÃO,,Nova Mamoré,RO,1,0,,,,,,,,,,,,,,,,,,,,,,,,,,,Terrestre,Via pública,,"-10,4031909","-65,3348014",,Brasileira,,,,,Brasil Contra o Crime Organizado Fronteira e Divisas
3349700848,BO,24/07/2026,20:56:39,PA,"ART. 243 DO ECA - VENDER, FORNECER, SERVIR, MINISTRAR OU ENTREGAR BEBIDA ALCOÓLICA A CRIANÇA OU ADOLESCENTE",,Machadinho D'Oeste,RO,1,0,,,,,,,,,,,,,,,,,,,,,,,,,,,Terrestre,Estabelecimento comercial,,"-9,4294469","-61,9959041",,Brasileira,,,,,Brasil Contra o Crime Organizado Fronteira e Divisas
3378000081,BO,23/07/2026,23:13:15,BO,"TRAFICO DE DROGAS (LEI 11.343/06, ART. 33)",,SERINGUEIRAS,RO,0,1,"52,5",,,"52,5",,,,,,,1,,,,,,,,,,,,,,,,Terrestre,Rodovia,,"-11,75851","-62,831625",,Brasileira,497800,,145000,,Brasil Contra o Crime Organizado Fronteira e Divisas
3286201027,COP,23/07/2026,12:21:10,COP,ENCONTRO/RECUPERACAO DE VEICULO FURTADO / ADULTERACAO DE SINAL IDENTIFICADOR DE VEICULO (ART. 311 CP),,GUAJARA-MIRIM,RO,0,1,,,,,,,,,,,1,,,,,,,,,,,,,,,,Terrestre,Via publica,,"-10,7930111","-65,3476482",,Internacional,95000,,95000,,Brasil Contra o Crime Organizado Fronteira e Divisas
3381100049,PA,23/07/2026,18:17:49,PA,RECAPTURA DE FORAGIDO / ESTUPRO (CP ART. 213) / ESTUPRO DE VULNERÁVEL (CP ART. 217-A) / SUBMETER CRIANÇA OU ADOLESCENTE A VEXAME OU CONSTRANGIMENTO (ECA ART. 232),,Vale do Anari,RO,1,0,,,,,,,,,,,,,,,,,,,,,,,,,,,Terrestre,Zona rural,,"-9,949888","-62,137212",,Brasileira,,,,,Brasil Contra o Crime Organizado Fronteira e Divisas
3374900092,BO/PA,22/07/2026,23:46:06,PA,DESCAMINHO (ART. 334 CP),,SAO MIGUEL DO GUAPORE,RO,1,0,,,,,,,,,,,1,,,,,,,4199,1300,,,,,,,,Terrestre,Zona rural,,"-11,8461405","-62,755185",,Internacional,253879,162579,90000,,Brasil Contra o Crime Organizado Fronteira e Divisas
3297101407,BO/PA,22/07/2026,9:56:58,PA,"FURTO QUALIFICADO DE VEICULO AUTOMOTOR PARA TRANSPORTE AO EXTERIOR (ART. 155, PAR. 5, CP) / ASSOCIACAO CRIMINOSA (ART. 288 CP) / ADULTERACAO DE SINAL IDENTIFICADOR DE VEICULO (ART. 311 CP) / RECUPERACAO DE VEICULO",,COSTA MARQUES,RO,2,0,,,,,,,,,,,2,,,,,,,,,,,,,,,,Terrestre,Rodovia,,"-12,1403179","-64,1898208",,Internacional,27000,,27000,,Brasil Contra o Crime Organizado Fronteira e Divisas
3327100468,Apoio,22/07/2026,12:11:38,Apoio,"APOIO AOS ORGAOS DE SEGURANCA PUBLICA (TRAFICO DE DROGAS - LEI 11.343/06, ART. 33)",,CACOAL,RO,0,0,,,,,,,,,,,,,,,,,,,,,,,,,,,Terrestre,Rodovia,,"-11,44545","-61,4450948",,Brasileira,,,,,Brasil Contra o Crime Organizado Fronteira e Divisas
3306700091,BO/PA,20/07/2026,23:41:20,PA,"TRAFICO DE DROGAS (LEI 11.343/06, ART. 33)",,SAO FRANCISCO DO GUAPORE,RO,1,0,"30,1",,,"30,1",,,,,,,1,,,,,,,,,,,,,,,,Terrestre,Via publica,,"-12,0598673","-63,5689978",,Brasileira,162500,,12000,,Brasil Contra o Crime Organizado Fronteira e Divisas
3283700734,TCO,19/07/2026,22:22:39,Termo Circunstanciado,"TRANSPORTE IRREGULAR DE MADEIRA (LEI 9.605/98, ART. 46, PAR. UNICO)",,PORTO VELHO,RO,0,1,,,,,,,,,,,1,,,,,"26,1729",,,,,,,,,,,Terrestre,Rodovia,,"-9,69988","-65,36885",,Brasileira,"67668,35",,28409,,Brasil Contra o Crime Organizado Fronteira e Divisas
3381000054,BO,19/07/2026,20:25:51,PA,RECAPTURA DE FORAGIDO / CUMPRIMENTO DE MANDADO DE PRISAO,,ARIQUEMES,RO,1,0,,,,,,,,,,,,,,,,,,,,,,,,,,,Terrestre,Via publica,,"-9,436201","-62,00118",,Brasileira,,,,,Brasil Contra o Crime Organizado Fronteira e Divisas
3383700734,TCO,19/07/2026,22:22:39,TCO,"TRANSPORTE DE MADEIRA EM DESACORDO COM A LICENCA OBTIDA (LEI 9.605/98, ART. 46, PARAGRAFO UNICO)",,PORTO VELHO,RO,0,1,,,,,,,,,,,1,,,,,"26,1729",,,,,,,,,,,Terrestre,Rodovia,,"-9,69988","-65,36885",,Brasileira,"89259,35",,50000,,Brasil Contra o Crime Organizado Fronteira e Divisas
3295701544,BO/PA,18/07/2026,19:56:12,PA,"TRAFICO DE DROGAS (LEI 11.343/06, ART. 33)",,URUPA,RO,2,0,"0,4712","0,017",,"0,0492","0,405",,,,,,,,,,,,,,,,,,,,,540,Terrestre,Residencia,,"-11,135604","-62,368191",,Brasileira,5261,,,,Brasil Contra o Crime Organizado Fronteira e Divisas
3284500882,BO/PA,18/07/2026,17:54:33,PA,CUMPRIMENTO DE MANDADO DE PRISAO,,PORTO VELHO,RO,1,0,,,,,,,,,,,,,,,,,,,,,,,,,,,Terrestre,Rodovia,,"-9,285388","-64,547921",,Brasileira,,,,,Brasil Contra o Crime Organizado Fronteira e Divisas
3302200130,Apoio,18/07/2026,1:45:41,Apoio,APOIO AOS ORGAOS DE SEGURANCA PUBLICA (ESCOLTA DE ENTORPECENTES - TRAFICO DE DROGAS),,JI-PARANA,RO,0,0,,,,,,,,,,,,,,,,,,,,,,,,,,,Terrestre,Rodovia,,"-10,8655478","-61,9585268",,Brasileira,,,,,Brasil Contra o Crime Organizado Fronteira e Divisas
3378000078,BO/PA,17/07/2026,17:38:27,PA,"PORTE ILEGAL DE ARMA DE FOGO DE USO PERMITIDO (LEI 10.826/03, ART. 14)",,CACOAL,RO,2,0,,,,,,,,,2,14,,,,,,,,,,,,,,,,,Terrestre,Rodovia,,"-12,0177914","-61,9930602",,Brasileira,16000,,,,Brasil Contra o Crime Organizado Fronteira e Divisas
3284500881,TCO,17/07/2026,21:29:41,Termo Circunstanciado,DIRECAO PERIGOSA / DIRIGIR SEM HABILITACAO (ARTS. 309 E 311 CTB),,PORTO VELHO,RO,0,1,,,,,,,,,,,1,,,,,,,,,,,,,,,,Terrestre,Via publica,,"-9,258167","-64,401694",,Brasileira,6346,,6346,,Brasil Contra o Crime Organizado Fronteira e Divisas
3262100493,BO/PA,16/07/2026,9:55:25,PA,"PORTE ILEGAL DE ARMA DE FOGO DE USO PERMITIDO (LEI 10.826/03, ART. 14) / TRANSPORTE IRREGULAR DE PRODUTO PERIGOSO (LEI 9.605/98, ART. 56) / PERIGO PARA A VIDA OU SAUDE DE OUTREM (ART. 132 CP)",,PIMENTEIRAS DO OESTE,RO,2,0,,,,,,,,,1,12,1,,23000,,,,,,,,,,,,,,Fluvial,Zona rural,,"-13,487942","-61,012303",,Internacional,584400,,420000,,Brasil Contra o Crime Organizado Fronteira e Divisas
3343900266,BO,15/07/2026,10:07:22,PA,TRAFICO DE DROGAS / POSSE ILEGAL DE ARMA DE FOGO E MUNICAO,,VALE DO ANARI,RO,2,0,"0,3347",,,"0,277","0,0577",,,,2,14,,,,,,,,,,,,,,,,,Terrestre,Residencia,,"-9,8665548","-62,1773355",,Brasileira,7962,,,,Brasil Contra o Crime Organizado Fronteira e Divisas
3272901250,BO,14/07/2026,15:26:08,PA,"PORTE ILEGAL DE ARMA DE FOGO DE USO PERMITIDO (LEI 10.826/03, ART. 14)",,PORTO VELHO,RO,1,0,,,,,,,,,1,5,1,,,,,,,,,,,,,,,,Terrestre,Via publica,,"-9,7613672","-66,6170572",,Brasileira,29386,,21386,,Brasil Contra o Crime Organizado Fronteira e Divisas
3283501456,BO,14/07/2026,18:00:19,PA,CUMPRIMENTO DE MANDADO DE PRISAO,,PORTO VELHO,RO,1,0,,,,,,,,,,,,,,,,,,,,,,,,,,,Terrestre,Via publica,,"-8,7729856","-63,8391985",,Brasileira,,,,,Brasil Contra o Crime Organizado Fronteira e Divisas
3343900265,BO,13/07/2026,10:20:20,PA,ROUBO / RECEPTACAO / POSSE ILEGAL DE ARMA E MUNICAO / CUMPRIMENTO DE MANDADO DE PRISAO,,MACHADINHO D'OESTE,RO,1,0,,,,,,,,,1,8,1,,,,,,,,,,,,,,,,Terrestre,Residencia,,"-9,1212776","-61,9835894",,Brasileira,24386,,21386,,Brasil Contra o Crime Organizado Fronteira e Divisas
3330201024,BO/PA,13/07/2026,9:21:18,PA,"PORTE ILEGAL DE ARMA DE FOGO DE USO PERMITIDO (LEI 10.826/03, ART. 14)",,SANTA LUZIA D'OESTE,RO,1,0,,,,,,,,,1,2,,,,,,,,,,,,,,,,,Terrestre,Rodovia,,"-11,906618","-61,54893",,Brasileira,3000,,,,Brasil Contra o Crime Organizado Fronteira e Divisas
3343900263,BO,12/07/2026,10:39:37,PA,RECEPTACAO (ART. 180 CP),,MACHADINHO D'OESTE,RO,1,0,,,,,,,,,,,1,,,,,,,,,,,,,,,,Terrestre,Residencia,,"-9,418408","-61,995162",,Brasileira,6566,,6566,,Brasil Contra o Crime Organizado Fronteira e Divisas
3284800431,TCO,12/07/2026,1:25:48,Termo Circunstanciado,"TRANSPORTE IRREGULAR DE MADEIRA (LEI 9.605/98, ART. 46, PAR. UNICO)",,PORTO VELHO,RO,0,1,,,,,,,,,,,1,,,,,"20,8895",,,,,,,,,,,Terrestre,Zona rural,,"-9,878842","-65,258837",,Brasileira,"129470,25",,98136,,Brasil Contra o Crime Organizado e Biomas
3284800432,TCO,12/07/2026,7:57:36,Termo Circunstanciado,"TRANSPORTE IRREGULAR DE MADEIRA (LEI 9.605/98, ART. 46, PAR. UNICO)",,PORTO VELHO,RO,0,1,,,,,,,,,,,1,,,,,"18,2805",,,,,,,,,,,Terrestre,Zona rural,,"-9,878842","-65,258837",,Brasileira,"138967,75",,111547,,Brasil Contra o Crime Organizado e Biomas
3284800433,TCO,12/07/2026,7:44:26,Termo Circunstanciado,"TRANSPORTE IRREGULAR DE MADEIRA (LEI 9.605/98, ART. 46, PAR. UNICO)",,PORTO VELHO,RO,0,1,,,,,,,,,,,1,,,,,"18,4177",,,,,,,,,,,Terrestre,Zona rural,,"-9,878842","-65,258837",,Brasileira,"157049,55",,129423,,Brasil Contra o Crime Organizado e Biomas
3262601079,BO,12/07/2026,18:13:58,PA,CUMPRIMENTO DE MANDADO DE PRISAO (REGRESSAO CAUTELAR),,GUAJARA-MIRIM,RO,1,0,,,,,,,,,,,,,,,,,,,,,,,,,,,Terrestre,Via publica,,"-10,7600095","-65,3013514",,Brasileira,,,,,Brasil Contra o Crime Organizado Fronteira e Divisas
3329902507,BO/PA,12/07/2026,1:11:46,PA,"CUMPRIMENTO DE MANDADO DE PRISAO (TRAFICO DE DROGAS - ART. 33, PAR. 4, LEI 11.343/06)",,ALTA FLORESTA D'OESTE,RO,1,0,,,,,,,,,,,,,,,,,,,,,,,,,,,Terrestre,Via publica,,"-11,9291642","-61,9954433",,Brasileira,,,,,Brasil Contra o Crime Organizado Fronteira e Divisas
3330201023,BO/PA,12/07/2026,17:27:46,PA,CUMPRIMENTO DE MANDADO DE PRISAO,,ALTA FLORESTA D'OESTE,RO,1,0,,,,,,,,,,,,,,,,,,,,,,,,,,,Terrestre,Zona rural,,"-12,1350075","-61,9855389",,Brasileira,,,,,Brasil Contra o Crime Organizado Fronteira e Divisas
3284800430,Apoio,10/07/2026,5:51:55,Apoio,APOIO AOS ORGAOS DE SEGURANCA PUBLICA,,PORTO VELHO,RO,0,0,,,,,,,,,,,,,,,,,,,,,,,,,,,Terrestre,Zona rural,,"-9,886517","-65,1910993",,Brasileira,,,,,Brasil Contra o Crime Organizado Fronteira e Divisas
973376,BO,08/07/2026,23:50:53,PA,"ROUBO MAJORADO (ART. 157, PAR. 2 CP) / RECUPERACAO DE BENS / POSSE DE ARMA",,GUAJARA-MIRIM,RO,4,0,,,,,,,,,1,1,1,,,,,,,,,,,1,,,,,Terrestre,Zona rural,,"-10,7751801","-65,1819136",,Internacional,224521,,221521,,Brasil Contra o Crime Organizado Fronteira e Divisas
3381800084,TCO,08/07/2026,15:07:23,Termo Circunstanciado,"TRANSPORTE ILEGAL DE MADEIRA (LEI 9.605/98, ART. 46, PAR. UNICO)",,PORTO VELHO,RO,0,1,,,,,,,,,,,1,,,,,14,,,,,,,,,,,Terrestre,Rodovia,,"-9,7444721","-66,1925435",,Brasileira,181000,,160000,,Brasil Contra o Crime Organizado Fronteira e Divisas
3283501405,COP,08/07/2026,21:12:10,Comunicacao de Ocorrencia,ROUBO (CP ART. 157) / RECUPERACAO DE VEICULO ROUBADO,,PORTO VELHO,RO,0,1,,,,,,,,,,,1,,,,,,,,,,,,,,,,Terrestre,Via publica,,"-8,8145042","-63,8947196",,Brasileira,85000,,85000,,Brasil Contra o Crime Organizado Fronteira e Divisas
3274601367,BO/PA,06/07/2026,21:00:48,Prisao/Apreensao,"TRAFICO DE DROGAS (LEI 11.343/06, ART. 33) / ASSOCIACAO CRIMINOSA (CP ART. 288)",,PORTO VELHO,RO,3,0,"0,165","0,114",,"0,044","0,007",,,,,,,,,,,,,,,,,,,,,,Terrestre,Residencia,,"-8,749025","-63,845427",,Brasileira,3140,,,,Brasil Contra o Crime Organizado Fronteira e Divisas
3381200109,COP,05/07/2026,12:39:44,COP,ENCONTRO/RECUPERACAO DE VEICULO ROUBADO,,ARIQUEMES,RO,0,1,,,,,,,,,,,1,,,,,,,,,,,,,,,,Terrestre,Zona rural,,"-9,879272","-62,826282",,Brasileira,48824,,48824,,Brasil Contra o Crime Organizado Fronteira e Divisas
3305601772,COP,05/07/2026,14:19:17,PA,"TRAFICO DE DROGAS (LEI 11.343/06, ART. 33)",,MACHADINHO D'OESTE,RO,0,1,"2,622",,,"2,488","0,134",,,,,,,,,,,,,,,,,,,,,,Terrestre,Residencia,,"-9,430444","-62,000982",,Brasileira,31196,,,,Brasil Contra o Crime Organizado Fronteira e Divisas
3283501403,BO/PA,04/07/2026,12:07:37,Prisao/Apreensao,"TRAFICO DE DROGAS (LEI 11.343/06, ART. 33) / ASSOCIACAO CRIMINOSA (CP ART. 288)",,PORTO VELHO,RO,3,0,"1,03","0,03",,1,,,,,,,1,,,,,,,,,,,,,,,,Terrestre,Via publica,,"-8,7947342","-63,8905501",,Brasileira,80750,,75000,,Brasil Contra o Crime Organizado Fronteira e Divisas
3381200108,BO,04/07/2026,22:38:21,PA,TRAFICO DE DROGAS / CORRUPCAO DE MENORES (ART. 244-B ECA),,MACHADINHO D'OESTE,RO,2,0,"0,5111","0,0051",,"0,5015","0,0045",,,,,,2,,,,,,,,,,,,,,,,Terrestre,Via publica,,"-9,4251854","-62,0024675",,Brasileira,"65614,5",6900,52524,,Brasil Contra o Crime Organizado Fronteira e Divisas
3329601062,BO/PA,04/07/2026,1:02:46,PA,POSSE OU PORTE ILEGAL DE ARMA DE FOGO (LEI 10.826/03) / TRANSPORTE IRREGULAR DE ARMA POR CAC,,PARECIS,RO,1,1,,,,,,,,,2,17,,,,,,,,,,,,,,,,,Terrestre,Rodovia,,"-12,510719","-61,6158861",,Brasileira,23000,,,,Brasil Contra o Crime Organizado Fronteira e Divisas
3283501402,BO/PA,03/07/2026,20:42:32,Prisao/Apreensao,"PORTE ILEGAL DE ARMA DE FOGO (LEI 10.826/03, ART. 14) / COMERCIO ILEGAL DE ARMA (ART. 17)",,PORTO VELHO,RO,2,0,,,,,,,,,2,18,1,,,,,,,,,,,,,,,,Terrestre,Via publica,,"-8,7426873","-63,854833",,Brasileira,106000,,90000,,Brasil Contra o Crime Organizado Fronteira e Divisas
3302601434,BO/PA,03/07/2026,16:10:27,Prisao/Apreensao,"TRAFICO DE DROGAS (LEI 11.343/06, ART. 33) / ASSOCIACAO PARA O TRAFICO (ART. 35) / ORGANIZACAO CRIMINOSA (LEI 12.850/2013) / CUMPRIMENTO DE MANDADO DE PRISAO",,PORTO VELHO,RO,7,0,"1,618","0,613",,"0,451","0,554",,,,,,,,,,,,,,,,,,,,,,Terrestre,Residencia,,"-8,7679701","-63,8155839",,Brasileira,23120,,,,Brasil Contra o Crime Organizado Fronteira e Divisas
3380200209,BO/PA,03/07/2026,0:29:14,PA,"TRAFICO DE DROGAS (LEI 11.343/06, ART. 33) / RECAPTURA DE FORAGIDO / RESISTENCIA (ART. 329 CP)",,OURO PRETO DO OESTE,RO,2,0,"1,897",,,"1,051","0,846",,,,,,1,,,,,,,,,,,,,,,108,Terrestre,Residencia,,"-10,7130261","-62,2659471",,Brasileira,23323,,9500,,Brasil Contra o Crime Organizado Fronteira e Divisas
3381200107,BO,03/07/2026,22:47:47,PA,"TRAFICO DE DROGAS (LEI 11.343/06, ART. 33)",,MACHADINHO D'OESTE,RO,2,0,"0,0285","0,0076",,"0,0209",,,,,,,1,,,,,,,,,,,,,,,,Terrestre,Via publica,,"-9,430295","-62,000523",,Brasileira,"6909,5",,6615,,Brasil Contra o Crime Organizado Fronteira e Divisas
3261500107,BO/PA,03/07/2026,18:35:15,PA,"PORTE ILEGAL DE ARMA DE FOGO DE USO PERMITIDO (LEI 10.826/03, ART. 14) / PORTE ILEGAL DE MUNICAO",,CABIXI,RO,1,0,,,,,,,,,1,3,,,,,,,,,,,,,,,,,Terrestre,Zona rural,,"-13,374362","-60,393542",,Brasileira,3000,,,,Brasil Contra o Crime Organizado Fronteira e Divisas
3306000244,BO/PA,02/07/2026,22:47:57,PA,"TRAFICO DE DROGAS (LEI 11.343/06, ART. 33) / RESISTENCIA (ART. 329 CP)",,SAO MIGUEL DO GUAPORE,RO,1,0,166,,,166,,,,,,,1,,,,,,,,,,,,,,,,Terrestre,Rodovia,,"-11,694298","-62,755119",,Brasileira,851000,,21000,,Brasil Contra o Crime Organizado Fronteira e Divisas
3352901122,BO/PA,02/07/2026,21:00:50,PA,"TRAFICO DE DROGAS (LEI 11.343/06, ART. 33)",,PRESIDENTE MEDICI,RO,3,0,"1,097",,,"1,097",,,,,,,1,,,,,,,,,,,,,,,,Terrestre,Rodovia,,"-11,1882431","-61,9015628",,Brasileira,29485,,24000,,Brasil Contra o Crime Organizado Fronteira e Divisas
3287900700,BO,02/07/2026,20:40:47,PA,"POSSE IRREGULAR DE ARMA DE FOGO DE USO PERMITIDO (LEI 10.826/03, ART. 12)",,MACHADINHO D'OESTE,RO,1,0,,,,,,,,,1,19,,,,,,,,,,,,,,,,,Terrestre,Zona rural,,"-9,434416","-61,95808",,Brasileira,15000,,,,Brasil Contra o Crime Organizado Fronteira e Divisas / Protetor da Fronteira e Divisas
3375000099,COP,02/07/2026,20:38:26,COP,POSSE/TRANSPORTE IRREGULAR DE MUNICAO (LEI 10.826/03) / ENCONTRO DE OBJETO,,NOVA MAMORE,RO,0,1,,,,,,,,,,5,,,,,,,,,,,,,,,,,Terrestre,Rodovia,,"-10,401618","-65,327138",,Brasileira,,,,,Brasil Contra o Crime Organizado Fronteira e Divisas
3381200101,BO,02/07/2026,17:16:43,PA,CUMPRIMENTO DE MANDADO DE PRISAO,,VALE DO ANARI,RO,1,0,,,,,,,,,,,,,,,,,,,,,,,,,,,Terrestre,Residencia,,"-9,8633558","-62,1720519",,Brasileira,,,,,Brasil Contra o Crime Organizado Fronteira e Divisas
3263301160,BO/PA,01/07/2026,20:11:49,Prisao/Apreensao,"TRAFICO DE DROGAS (LEI 11.343/06, ART. 33) / ORGANIZACAO CRIMINOSA (LEI 12.850/2013)",,PORTO VELHO,RO,2,0,"0,08","0,076",,,"0,004",,,,,,,,,,,,,,,,,,,,,,Terrestre,Residencia,,"-8,7577694","-63,8332045",,Brasileira,1940,,,,Brasil Contra o Crime Organizado Fronteira e Divisas
3283501401,BO/PA,01/07/2026,18:11:07,Prisao/Apreensao,"TRAFICO DE DROGAS (LEI 11.343/06, ART. 33)",,PORTO VELHO,RO,1,0,"0,025",,,"0,025",,,,,,,,,,,,,,,,,,,,,,,Terrestre,Residencia,,"-8,7685536","-63,8470474",,Brasileira,125,,,,Brasil Contra o Crime Organizado Fronteira e Divisas
3375300091,Apoio,01/07/2026,17:38:33,Apoio,APOIO AOS ORGAOS DE SEGURANCA PUBLICA (CP ART. 121 - HOMICIDIO),,PORTO VELHO,RO,0,0,,,,,,,,,,,,,,,,,,,,,,,,,,,Fluvial,Area de mata,,"-9,601422","-65,41291",,Brasileira,,,,,Brasil Contra o Crime Organizado Fronteira e Divisas
3381800050,TCO,01/07/2026,21:09:57,Termo Circunstanciado,"TRANSPORTE ILEGAL DE MADEIRA (LEI 9.605/98, ART. 46, PAR. UNICO)",,PORTO VELHO,RO,0,1,,,,,,,,,,,1,,,,,40,,,,,,,,,,,Terrestre,Rodovia,,"-9,7554698","-66,6090669",,Brasileira,180000,,120000,,Brasil Contra o Crime Organizado Fronteira e Divisas
3302500490,BO/PA,27/06/2026,14:48:28,Prisão/Apreensão,"TRAFICO DE DROGAS (LEI 11.343/06, ART. 33)",,Costa Marques,RO,1,0,"3,1145","0,0295",,"3,085",,,,,,,1,,,,,,,,,,,,,,,24,Terrestre,"Rodovia (BR-429, posto)",,"-12,073001","-64,023983",,Brasileira,"40186,5",,24000,,Brasil Contra o Crime Organizado Fronteira e Divisas
3297401784,BO/PA,27/06/2026,20:30:05,Prisão/Apreensão,"TRAFICO DE DROGAS (LEI 11.343/06, ART. 33, §1º I) / RESISTENCIA (CP ART. 329)",,Porto Velho,RO,1,0,"1,7627","0,21",,"1,3427","0,21",,,111,,,,,,,,,,,,,,,,,,,Terrestre,Residência,,"-8,738733","-63,897063",,Brasileira,25932,,,,Brasil Contra o Crime Organizado Fronteira e Divisas
3375300090,COP,27/06/2026,19:12:36,Comunicação de Ocorrência,DESCAMINHO,,Guajará-Mirim,RO,0,1,,,,,,,,,,,1,,630,,,,,,,,1,,,,,,Fluvial,Porto clandestino / margem do Rio Mamoré,,"-10,798258","-65,342165",,Internacional,23284,,19000,,Brasil Contra o Crime Organizado Fronteira e Divisas
3381000015,BO/PA,27/06/2026,11:21:08,Prisão/Apreensão,"TRAFICO DE DROGAS (LEI 11.343/06, ART. 33)",,Machadinho D`Oeste,RO,2,0,"0,0059","0,003",,"0,0009","0,002",,,,,,,,,,,,,,,,,,,,,1083,Terrestre,Residência,,"-9,423449","-61,987039",,Brasileira,"1182,5",,,,Protetor da Fronteira e Divisas
3297401783,BO/PA,27/06/2026,20:02:13,Prisão/Apreensão,CUMPRIMENTO DE MANDADO DE PRISAO,,Porto Velho,RO,1,0,,,,,,,,,,,,,,,,,,,,,,,,,,,Terrestre,Via pública,,"-8,738733","-63,897063",,Brasileira,,,,,Brasil Contra o Crime Organizado Fronteira e Divisas
3286200964,COP,26/06/2026,16:00:39,Comunicação de Ocorrência,DESCAMINHO,,Porto Velho,RO,0,1,,,,,,,,,,,1,,22000,,,,,,,,1,,,,,,Terrestre,Zona rural / margem de rio (garimpo),,"-9,226095","-64,600843",,Brasileira,629600,,480000,,Brasil Contra o Crime Organizado Fronteira e Divisas
3374900085,TCO,26/06/2026,6:39:21,Termo Circunstanciado,"CRIME AMBIENTAL - FAUNA SILVESTRE EM CATIVEIRO (LEI 9.605/98, ART. 29, §1º, III)",,Pimenteiras do Oeste,RO,0,1,,,,,,,,,,,,,,,,,,,,,,,,1500,,,Terrestre,Residência,,"-13,481722","-61,046333",,Brasileira,1500,,,,Brasil Contra o Crime Organizado Fronteira e Divisas / Protetor da Fronteira e Divisas
3257300790,COP,26/06/2026,16:16:20,Comunicação de Ocorrência,DESCAMINHO,,Guajará-Mirim,RO,0,1,,,,,,,,,,,,80,,,,,,,,,,,,,,,Fluvial,Via pública / Porto clandestino (Pérola Negra),,"-10,795","-65,3446",,Internacional,544,,,,Brasil Contra o Crime Organizado Fronteira e Divisas
3297401772,BO/PA,26/06/2026,10:47:37,Prisão/Apreensão,CUMPRIMENTO DE MANDADO DE PRISAO,,Porto Velho,RO,1,0,,,,,,,,,,,,,,,,,,,,,,,,,,,Terrestre,Zona rural,,"-8,7382084","-63,8672535",,Brasileira,,,,,Protetor da Fronteira e Divisas
3375300089,BO/PA,26/06/2026,19:51:24,Prisão/Apreensão,CUMPRIMENTO DE MANDADO DE PRISAO,,Guajará-Mirim,RO,1,0,,,,,,,,,,,,,,,,,,,,,,,,,,,Terrestre,Via pública,,"-10,7875788","-65,3341157",,Brasileira,,,,,Brasil Contra o Crime Organizado Fronteira e Divisas
3381000014,BO/PA,26/06/2026,6:20:06,Prisão/Apreensão,"CUMPRIMENTO DE MANDADO DE PRISAO (DEFINITIVA, ART. 157 §2 - ROUBO)",,Machadinho D`Oeste,RO,1,0,,,,,,,,,,,,,,,,,,,,,,,,,,,Terrestre,Zona rural / residência,,"-9,147655","-62,252158",,Brasileira,,,,,Brasil Contra o Crime Organizado Fronteira e Divisas
3375300088,BO/PA,25/06/2026,3:41:36,Prisão/Apreensão,CONTRABANDO (CP ART. 334-A),,Porto Velho,RO,2,0,,,,,,,,,,,1,,,,99500,,,,,,,,,,,,Terrestre,Rodovia (barreira/bloqueio),,"-9,7267","-65,243503",,Internacional,1075100,,100000,,Brasil Contra o Crime Organizado Fronteira e Divisas
3297401771,BO/PA,25/06/2026,15:14:40,Prisão/Apreensão,"TRAFICO DE DROGAS (LEI 11.343/06, ART. 33) / ASSOCIACAO PARA O TRAFICO (ART. 35) / ORG. CRIMINOSA (LEI 12.850/13)",,Porto Velho,RO,2,0,"0,5796",,,"0,5796",,,,183,,,1,,,,,,,,,,,,,,,2040,Terrestre,Residência,,"-8,7344913","-63,841242",,Brasileira,31918,,16000,,Brasil Contra o Crime Organizado Fronteira e Divisas
3284800400,Apoio,25/06/2026,15:11:07,Apoio,APOIO A ORGAOS DA ADMINISTRACAO PUBLICA (ANP),,Guajará-Mirim,RO,0,1,,,,,,,,,,,,800,,,,,,,,,,,,,,,Terrestre,Via pública (posto),,"-10,7789578","-65,3219043",,Brasileira,5440,,,,Brasil Contra o Crime Organizado Fronteira e Divisas
3371700569,BO/PA,25/06/2026,17:24:08,Prisão/Apreensão,"TRAFICO DE DROGAS (LEI 11.343/06, ART. 33) / ORG. CRIMINOSA (LEI 12.850/13)",,Porto Velho,RO,1,0,"0,48",,,"0,48",,,,,,,,,,,,,,,,,,,,,,,Terrestre,Residência,,"-8,7572194","-63,8291356",,Brasileira,2400,,,,Brasil Contra o Crime Organizado Fronteira e Divisas
3257300787,COP,25/06/2026,12:41:52,Comunicação de Ocorrência,DESCAMINHO,,Guajará-Mirim,RO,0,1,,,,,,,,,,,,,,2,,,,,,,,,,,,,Terrestre,Via pública,,"-10,7812","-65,3394",,Internacional,600,,,,Protetor da Fronteira e Divisas
3381000012,BO/PA,25/06/2026,16:19:56,Prisão/Apreensão,CUMPRIMENTO DE MANDADO DE PRISAO (PREVENTIVA),,Machadinho D`Oeste,RO,1,0,,,,,,,,,,,,,,,,,,,,,,,,,,,Terrestre,Via pública,,"-9,4302230","-62,005258",,Brasileira,,,,,Brasil Contra o Crime Organizado Fronteira e Divisas
3375200062,BO/PA,24/06/2026,17:23:08,Prisão/Apreensão,"CUMPRIMENTO DE MANDADO DE PRISAO (FURTO, ART. 155 CP)",,Machadinho D`Oeste,RO,1,0,,,,,,,,,,,,,,,,,,,,,,,,,,,Terrestre,Zona rural,,"-9,3972179","-62,0214893",,Brasileira,,,,,Brasil Contra o Crime Organizado Fronteira e Divisas
3257300786,Apoio,23/06/2026,20:23:55,Apoio,APOIO AOS ORGAOS DE SEGURANCA PUBLICA (ANP / RECEITA FEDERAL / PF),,Guajará-Mirim,RO,0,1,,,,,,,,,,,,582,,,,,,,,,,,,,,,Terrestre,Via pública (posto de combustíveis),,"-10,7869","-65,3413",,Brasileira,"3957,6",,,,Brasil Contra o Crime Organizado Fronteira e Divisas
3302700931,BO/PA,22/06/2026,12:50:35,Prisao/Apreensao,"TRAFICO DE DROGAS (LEI 11.343/06, ART. 33) / ASSOCIACAO PARA O TRAFICO (ART. 35)",,Cacoal,RO,2,0,"328,55",,,"304,4","24,15",,,,,,1,,,,,,,,,,,,,,,,Terrestre,Residencia,,"-11,4294209","-61,4637234",,Brasileira,1769200,,5700,,Brasil Contra o Crime Organizado Fronteira e Divisas
3381000007,BO/PA,22/06/2026,8:00:59,Prisão/Apreensão,CUMPRIMENTO DE MANDADO DE PRISAO (DEFINITIVA),,Machadinho D`Oeste,RO,1,0,,,,,,,,,,,,,,,,,,,,,,,,,,,Terrestre,Residência,,"-9,4260231","-62,0021277",,Brasileira,,,,,Brasil Contra o Crime Organizado Fronteira e Divisas / Protetor da Fronteira e Divisas
3304500206,BO/PA,21/06/2026,17:52:14,Prisao/Apreensao,"TRAFICO DE DROGAS (LEI 11.343/06, ART. 33) / RESISTENCIA (CP ART. 329) / DESOBEDIENCIA (CP ART. 330) / DIRECAO PERIGOSA (CTB ART. 309)",,São Miguel do Guaporé,RO,1,0,210,,,210,,,,,,,1,,,,,,,,,,,,,,,,Terrestre,Rodovia (RO-481),,"-11,724542","-62,680753",,Internacional,1085000,,35000,,Brasil Contra o Crime Organizado Fronteira e Divisas
3284500859 / 3284500861,TCO,19/06/2026,20:14:18,Termo Circunstanciado,"POSSE DE DROGAS PARA USO PESSOAL (LEI 11.343/06, ART. 28) / DESOBEDIENCIA (CP ART. 330)",,PORTO VELHO,RO,0,1,"0,001",,,"0,001",,,,,,,,,,,,,,,,,,,,,,,Terrestre,Rodovia,,"-9,482834","-64,773583",,Brasileira,5,,,,Protetor da Fronteira e Divisas
3381100010,BO/PA,19/06/2026,11:04:03,Prisao/Apreensao,"CUMPRIMENTO DE MANDADO DE PRISAO (LEI 10.826/03, ART. 12)",,MONTE NEGRO,RO,1,0,,,,,,,,,,,,,,,,,,,,,,,,,,,Terrestre,Zona rural,,"-10,1256846","-63,3584494",,Brasileira,,,,,Brasil Contra o Crime Organizado Fronteira e Divisas
3258101016,COP,18/06/2026,16:53:57,Comunicação de Ocorrência,DESCAMINHO,,Guajará-Mirim,RO,0,1,,,,,,,,,,,1,,500,,,,,,,,,,,,,,Fluvial,Porto clandestino / área portuária,,"-10,7867308","-65,3470866",,Internacional,18400,,15000,,Brasil Contra o Crime Organizado Fronteira e Divisas / Protetor da Fronteira e Divisas
3297401750,BO/PA,17/06/2026,8:13:00,Prisao/Apreensao,"TRAFICO DE DROGAS (LEI 11.343/06, ART. 33) / ASSOCIACAO PARA O TRAFICO (ART. 35) / POSSE ILEGAL DE ARMA DE FOGO DE USO RESTRITO (LEI 10.826/03, ART. 16)",,Porto Velho,RO,3,0,"104,5",,,"104,5",,,,,1,12,,,,,,,,,,,,,,,,,Terrestre,Residencia,,"-8,8081852","-63,8808584",,Brasileira,525500,,,,Brasil Contra o Crime Organizado Fronteira e Divisas
98777,Apoio,17/06/2026,6:00:00,Apoio,"POSSE IRREGULAR DE ARMA DE FOGO, ACESSORIO OU MUNICAO (LEI 10.826/03, ART. 12) - MANDADO DE BUSCA E APREENSAO",,Cabixi,RO,1,0,,,,,,,,,1,81,,,,,,,,,,,,,,,,,Terrestre,Zona rural,,"-13,4414319","-60,5538763",,Brasileira,15000,,,,Brasil Contra o Crime Organizado Fronteira e Divisas / Protetor da Fronteira e Divisas
3327300700,BO/PA,17/06/2026,17:50:15,Prisao/Apreensao,"TRAFICO DE DROGAS (LEI 11.343/06, ART. 33) / ASSOCIACAO PARA O TRAFICO (ART. 35) / POSSE DE MUNICAO (LEI 10.826/03, ART. 12)",,Santa Luzia D'Oeste,RO,1,0,"0,7697","0,0017",,"0,699","0,069",,,,,1,,,,,,,,,,,,,,,,,Terrestre,Residencia,,"-11,9074046","-61,7825373",,Brasileira,"4227,5",,,,Copa Segura
3381100009,BO/PA,16/06/2026,12:02:42,Prisao/Apreensao,"CUMPRIMENTO DE MANDADO DE PRISAO (LEI 10.826/03, ART. 12)",,ARIQUEMES,RO,1,0,,,,,,,,,,,,,,,,,,,,,,,,,,,Terrestre,Residencia,,"-9,9084999","-63,0172963",,Brasileira,,,,,Brasil Contra o Crime Organizado Fronteira e Divisas
3381100007,BO/PA,15/06/2026,11:36:53,Prisao/Apreensao,"CUMPRIMENTO DE MANDADO DE PRISAO (LEI 10.826/03, ART. 14)",,ALTO PARAISO,RO,1,0,,,,,,,,,,,,,,,,,,,,,,,,,,,Terrestre,Via publica,,"-9,7226764","-63,3122783",,Brasileira,,,,,Brasil Contra o Crime Organizado Fronteira e Divisas
3329601046,TCO,14/06/2026,11:14:02,Termo Circunstanciado,"POSSE DE DROGAS PARA USO PESSOAL (LEI 11.343/06, ART. 28)",,Alta Floresta D'Oeste,RO,0,0,"0,01",,,"0,01",,,,,,,,,,,,,,,,,,,,,,,Terrestre,Rodovia,,"-11,9258425","-61,9809334",,Brasileira,50,,,,Brasil Contra o Crime Organizado Fronteira e Divisas
3277100421,BO,14/06/2026,18:25:03,Comunicacao de Ocorrencia,SINISTRO DE TRANSITO COM VITIMA / LESAO CORPORAL CULPOSA (CP ART. 129 6),,São Felipe D'Oeste,RO,0,0,,,,,,,,,,,,,,,,,,,,,,,,,,,Terrestre,Rodovia,,"-11,813001","-61,513345",,Brasileira,,,,,Brasil Contra o Crime Organizado Fronteira e Divisas / Protetor da Fronteira e Divisas
962395,BO,14/06/2026,17:30:12,Comunicacao de Ocorrencia,"DISPARO DE ARMA DE FOGO (LEI 10.826/03, ART. 15) / VIOLACAO DE DOMICILIO (CP ART. 150) / AMEACA (ART. 147) / LESAO CORPORAL (ART. 129) / DANO (ART. 163) / VIAS DE FATO",,São Felipe D'Oeste,RO,0,0,,,,,,,,,,,,,,,,,,,,,,,,,,,Terrestre,Residencia,,"-11,90733","-61,5119579",,Brasileira,,,,,Brasil Contra o Crime Organizado Fronteira e Divisas / Protetor da Fronteira e Divisas
3303700841,COP,13/06/2026,8:58:20,Comunicacao de Ocorrencia,RECUPERACAO DE VEICULO FURTADO (CP ART. 155),,Alta Floresta D'Oeste,RO,0,1,,,,,,,,,,,1,,,,,,,,,,,,,,,,Terrestre,Via publica,,"-11,929516","-61,988356",,Brasileira,13800,,13800,,Brasil Contra o Crime Organizado Fronteira e Divisas
3284800398,COP,13/06/2026,9:40:51,Comunicação de Ocorrência,DESCAMINHO,,Guajará-Mirim,RO,0,1,,,,,,,,,,,,,,,,,,240,,,,,,,,,Fluvial,Margem do Rio Mamoré / Porto clandestino (Pérola),,"-10,794868","-65,344628",,Internacional,13200,13200,,,Brasil Contra o Crime Organizado Fronteira e Divisas / Protetor da Fronteira e Divisas
3327300682,BO/PA,13/06/2026,8:28:58,Prisao/Apreensao,"CUMPRIMENTO DE MANDADO DE PRISAO (TENTATIVA DE HOMICIDIO, CP ART. 121 C/C 14, II)",,Alta Floresta D'Oeste,RO,1,0,,,,,,,,,,,,,,,,,,,,,,,,,,,Terrestre,Residencia,,"-11,9227881","-62,0082568",,Brasileira,,,,,Brasil Contra o Crime Organizado Fronteira e Divisas / Protetor da Fronteira e Divisas
3381100005,BO/PA,13/06/2026,12:31:57,Prisao/Apreensao,CUMPRIMENTO DE MANDADO DE PRISAO (CTB ART. 306),,ARIQUEMES,RO,1,0,,,,,,,,,,,,,,,,,,,,,,,,,,,Terrestre,Via publica,,"-9,8995701","-63,0301375",,Brasileira,,,,,Brasil Contra o Crime Organizado Fronteira e Divisas
3381100006,BO/PA,13/06/2026,14:14:40,Prisao/Apreensao,CUMPRIMENTO DE MANDADO DE PRISAO,,ALTO PARAISO,RO,1,0,,,,,,,,,,,,,,,,,,,,,,,,,,,Terrestre,Via publica,,"-9,7145701","-63,3194122",,Brasileira,,,,,Brasil Contra o Crime Organizado Fronteira e Divisas
3344901117,BO/PA,12/06/2026,18:06:00,Prisao/Apreensao,"POSSE IRREGULAR DE ARMA DE FOGO (LEI 10.826/03, ART. 12) / POSSE DE MUNICAO (ART. 12)",,São Miguel do Guaporé,RO,1,0,,,,,,,,,2,33,,,,,,,,,,,,,,,,,Terrestre,Zona rural,,"-11,8966670","-62,755278",,Brasileira,30000,,,,Brasil Contra o Crime Organizado Fronteira e Divisas
3381200038,BO/PA,12/06/2026,10:10:23,Prisao/Apreensao,"CUMPRIMENTO DE MANDADO DE PRISAO (CP ART. 217-A) / POSSE IRREGULAR DE ARMA DE FOGO (LEI 10.826/03, ART. 12)",,ARIQUEMES,RO,1,0,,,,,,,,,1,,,,,,,,,,,,,,,,,,Terrestre,Residencia,,"-10,117993","-63,129973",,Brasileira,3000,,,,Brasil Contra o Crime Organizado Fronteira e Divisas / Protetor da Fronteira e Divisas
3329902417,COP,11/06/2026,21:30:49,Comunicacao de Ocorrencia,RECUPERACAO DE VEICULO FURTADO / RECEPTACAO QUALIFICADA (CP ART. 180 2),,Alta Floresta D'Oeste,RO,0,1,,,,,,,,,,,1,,,,,,,,,,,,,,,,Terrestre,Residencia,,"-11,925518","-61,996878",,Brasileira,9000,,9000,,Brasil Contra o Crime Organizado Fronteira e Divisas / Protetor da Fronteira e Divisas
3284500838,COP,09/06/2026,22:41:39,Comunicação de Ocorrência,DESCAMINHO,,Guajará-Mirim,RO,0,1,,,,,,,,,,,3,,2540,,,,,,,,,4,,,,,Terrestre,Porto clandestino / faixa de fronteira,,"-10,798193","-65,342123",,Internacional,61272,,44000,,Brasil Contra o Crime Organizado Fronteira e Divisas
3360100493,BO/PA,08/06/2026,18:08:48,Prisao/Apreensao,"TRAFICO DE DROGAS (LEI 11.343/06, ART. 33) / CORRUPCAO DE MENOR (ECA ART. 244-B)",,Colorado do Oeste,RO,1,0,"0,104",,,"0,043","0,061",,,,,,,,,,,,,,,,,,,,,787,Terrestre,Residencia,,"-13,1104121","-60,5429964",,Brasileira,1612,,,,Brasil Contra o Crime Organizado Fronteira e Divisas
3258601065,COP,06/06/2026,11:22:05,Comunicacao de Ocorrencia,RECUPERACAO DE VEICULO FURTADO (CP ART. 155),,Guajará-Mirim,RO,0,1,,,,,,,,,,,1,,,,,,,,,,,,,,,,Terrestre,Terreno baldio (matagal urbano),,"-10,7674096","-65,3256937",,Brasileira,6000,,6000,,Brasil Contra o Crime Organizado Fronteira e Divisas / Protetor da Fronteira e Divisas
3262100489,BO/PA,06/06/2026,19:10:13,Prisao/Apreensao,EMBRIAGUEZ AO VOLANTE (CTB ART. 306) / DIRECAO PERIGOSA (CTB ART. 311) / DESOBEDIENCIA (CP ART. 330),,Colorado do Oeste,RO,1,0,,,,,,,,,,,,,,,,,,,,,,,,,,,Terrestre,Rodovia,,"-13,1116255","-60,4870423",,Brasileira,,,,,Brasil Contra o Crime Organizado Fronteira e Divisas
3329902402,BO/PA,05/06/2026,17:45:10,Prisao/Apreensao,"TRAFICO DE DROGAS (LEI 11.343/06, ART. 33) / ASSOCIACAO PARA O TRAFICO (ART. 35) / PORTE ILEGAL DE ARMA DE USO RESTRITO (LEI 10.826/03, ART. 16) / POSSE DE MUNICAO (ART. 12) / RECEPTACAO (CP ART. 180)",,Alta Floresta D'Oeste,RO,2,0,"2,876","0,326",,"1,776","0,774",,,,2,34,1,,,,,,,,,,,,,,,"20,25",Terrestre,Residencia,,"-11,925728","-62,002872",,Brasileira,"39790,25",,9000,,Brasil Contra o Crime Organizado Fronteira e Divisas
3296600087,BO/PA,04/06/2026,18:39:46,Prisao/Apreensao,"TRAFICO DE DROGAS (LEI 11.343/06, ART. 33)",,Cacoal,RO,1,0,"2,331",,,"2,331",,,,,,,,,,,,,,,,,,,,,,502,Terrestre,Residencia,,"-11,4315793","-61,4355292",, Brasileira,12817,,,,Brasil Contra o Crime Organizado Fronteira e Divisas / Protetor da Fronteira e Divisas
3375100019,BO/PA,04/06/2026,22:25:58,Prisao/Apreensao,"PORTE ILEGAL DE ARMA DE FOGO DE USO PERMITIDO (LEI 10.826/03, ART. 14)",,Porto Velho,RO,1,0,,,,,,,,,1,3,,,,,,,,,,,,,,,,,Terrestre,Rodovia,,"-9,2860350","-64,548145",,Brasileira,15000,,,,Brasil Contra o Crime Organizado Fronteira e Divisas
3258601064,COP,04/06/2026,13:25:13,Comunicacao de Ocorrencia,CONTRABANDO / DESCAMINHO DE COMBUSTIVEL,,Guajará-Mirim,RO,0,1,,,,,,,,,,,,,690,,,,,,,,,,,,,,Fluvial,Via publica (margem de igarape),,"-10,7915141","-65,344193",,Internacional,4692,,,,Brasil Contra o Crime Organizado Fronteira e Divisas
3284800389,COP,04/06/2026,23:23:32,Comunicacao de Ocorrencia,DESCAMINHO,,Porto Velho,RO,0,1,,,,,,,,,,,,,,,,,,,,,,,,,,,Terrestre,Rodovia,,"-9,286238","-64,548867",,Internacional,1300,1300,,,Brasil Contra o Crime Organizado Fronteira e Divisas
3325600864,BO/PA,04/06/2026,15:37:57,Prisao/Apreensao,"AMEACA (CP ART. 147 - MARIA DA PENHA) / LESAO CORPORAL (CP ART. 129 13) / PERSEGUICAO (CP ART. 147-A) / POSSE DE DROGAS (LEI 11.343/06, ART. 28)",,Cacoal,RO,1,0,"0,013",,,"0,013",,,,,,,,,,,,,,,,,,,,,,,Terrestre,Residencia,,"-11,4315793","-61,4355292",,Brasileira,65,,,,Brasil Contra o Crime Organizado Fronteira e Divisas
3344900946,TCO,04/06/2026,7:04:04,Termo Circunstanciado,"POSSE DE DROGAS PARA USO PESSOAL (LEI 11.343/06, ART. 28)",,São Francisco do Guaporé,RO,0,0,"0,01",,,"0,01",,,,,,,,,,,,,,,,,,,,,,,Terrestre,Rodovia,,"-12,0603107","-63,572854",,Brasileira,50,,,,Brasil Contra o Crime Organizado Fronteira e Divisas / Protetor da Fronteira e Divisas
3303700838,BO/PA,04/06/2026,18:55:58,Prisao/Apreensao,CUMPRIMENTO DE MANDADO DE PRISAO (CIVIL / ALIMENTOS),,Pimenteiras do Oeste,RO,1,0,,,,,,,,,,,,,,,,,,,,,,,,,,,Terrestre,Rodovia / zona rural,,"-13,4566670","-61,087778",,Brasileira,,,,,Brasil Contra o Crime Organizado Fronteira e Divisas
3364100485,BO/PA,03/06/2026,21:32:24,Prisao/Apreensao,"POSSE/PORTE IRREGULAR DE ARMA DE FOGO E MUNICAO (LEI 10.826/03, ART. 12)",,Machadinho D'Oeste,RO,1,0,,,,,,,,,2,28,,,,,,,,,,,,,,,,2600,Terrestre,Rodovia,,"-9,433316","-61,958428",,Brasileira,25600,,,,Brasil Contra o Crime Organizado Fronteira e Divisas / Protetor da Fronteira e Divisas
3347600704,BO/PA,03/06/2026,0:04:48,Prisao/Apreensao,"RECAPTURA DE FORAGIDO / RESISTENCIA (CP ART. 329) / DESOBEDIENCIA (CP ART. 330) / RECEPTACAO (CP ART. 180) / TRAFICO DE DROGAS (LEI 11.343/06, ART. 33) / POSSE DE ARMA E MUNICAO (LEI 10.826/03, ART. 12) / SEQUESTRO E CARCERE PRIVADO (CP ART. 148)",,Ariquemes,RO,2,0,"0,25",,,"0,25",,,,,2,6,,,,,,,,,,,,,,,,,Terrestre,Residencia,,"-9,8871748","-63,0196855",,Brasileira,31250,,,,Brasil Contra o Crime Organizado Fronteira e Divisas
3258601063,COP,03/06/2026,13:28:27,Comunicacao de Ocorrencia,DESCAMINHO,,Guajará-Mirim,RO,0,1,,,,,,,,,,,,,,,,,,606,,,,,,,,,Fluvial,Margem de rio / porto clandestino,,"-10,7928786","-65,3466723",,Internacional,7000,7000,,,Brasil Contra o Crime Organizado Fronteira e Divisas
3329902395,BO/PA,03/06/2026,17:05:55,Prisao/Apreensao,"TRAFICO DE DROGAS (LEI 11.343/06, ART. 33) / POSSE DE DROGAS PARA USO PESSOAL (ART. 28)",,Alta Floresta D'Oeste,RO,1,0,"0,0895","0,001",,"0,0167","0,0718",,,,,,,,,,,,,,,,,,,,,156,Terrestre,Residencia,,"-11,926028","-62,008999",,Brasileira,"982,5",,,,Brasil Contra o Crime Organizado Fronteira e Divisas
3329902394,BO/PA,02/06/2026,17:28:41,Prisao/Apreensao,"CUMPRIMENTO DE MANDADO DE PRISAO (RECAPTURA) / TRAFICO DE DROGAS (LEI 11.343/06, ART. 33) / FRAUDE PROCESSUAL",,Alta Floresta D'Oeste,RO,1,0,"0,0657","0,001",,"0,0639","0,0008",,,,,,1,,,,,,,,,,,,,,,,Terrestre,Residencia,,"-11,9230423","-62,0072926",,Brasileira,"25852,5",,25500,,Brasil Contra o Crime Organizado Fronteira e Divisas
3284800385,COP,02/06/2026,22:27:57,Comunicacao de Ocorrencia,DESCAMINHO,,Porto Velho,RO,0,1,,,,,,,,,,,,,,,,,,,,,,,,,,,Terrestre,Rodovia,,"-9,286276","-64,548372",,Internacional,1300,1300,,,Brasil Contra o Crime Organizado Fronteira e Divisas / Protetor da Fronteira e Divisas
3297101316,BO/PA,01/06/2026,18:24:03,Prisao/Apreensao,DESCAMINHO / CRIME CONTRA A ORDEM ECONOMICA (COMBUSTIVEL) / CRIME AMBIENTAL (LEI 9605/98) / PERIGO A VIDA (CP ART. 132),,Costa Marques,RO,2,0,,,,,,,,,,,1,850,,,,,,,,,1,1,,,,,Fluvial,Margem de rio,,"-12,447736","-64,227183",,Internacional,49500,2720,41000,,Brasil Contra o Crime Organizado Fronteira e Divisas
3329902391,BO/PA,01/06/2026,17:44:44,Prisao/Apreensao,"TRAFICO DE DROGAS (LEI 11.343/06, ART. 33) / PORTE ILEGAL DE ARMA DE USO RESTRITO (LEI 10.826/03, ART. 16) / POSSE DE MUNICAO (ART. 12)",,Alta Floresta D'Oeste,RO,2,0,"0,0492","0,0232",,"0,0199","0,0061",,,,1,2,1,,,,,,,,,,,,,,,660,Terrestre,Residencia,,"-11,9230518","-62,005149",,Brasileira,"31400,5",,27000,,Brasil Contra o Crime Organizado Fronteira e Divisas / Protetor da Fronteira e Divisas
3309200756,COP,30/05/2026,9:43:16,PA,RECEPTAÇÃO - ART. 180 DO CÓDIGO PENAL,,Porto Velho,RO,1,0,,,,,,,,,,,1,,,,,,,,,,,,,,,,Terrestre,Zona rural,,"-9,7710953","-66,3560451",,Brasileira,9500,,9500,,Brasil Contra o Crime Organizado Fronteira e Divisas
3303201617,COP,28/05/2026,12:47:57,PA,"TRÁFICO DE DROGAS - LEI 11.343/06, ART. 33",,Guajará-Mirim,RO,1,0,"15,7",,,"15,7",,,,,,,,,,,,,1,,,,,,,,,,Fluvial,Via pública,,"-10,7619616","-65,300024",,Brasileira,80000,1500,,,Brasil Contra o Crime Organizado Fronteira e Divisas / Protetor da Fronteira e Divisas
3303201618,COP,28/05/2026,14:05:05,PA,"TRÁFICO DE DROGAS - LEI 11.343/06, ART. 33",,Guajará-Mirim,RO,2,0,"0,1",,,"0,1",,,,,,,,,,,,,2,,,,,,,,,,Fluvial,Via pública,,"-10,7932316","-65,3472415",,Brasileira,2100,1600,,,Brasil Contra o Crime Organizado Fronteira e Divisas / Protetor da Fronteira e Divisas
3328500769,TCO,28/05/2026,17:13:10,Termo Circunstanciado,"POSSE DE DROGAS PARA USO PESSOAL (LEI 11.343/06, ART. 28)",,Rolim de Moura,RO,0,0,"0,00086","0,00086",,,,,,,,,,,,,,,,,,,,,,,,,Terrestre,Rodovia,,"-11,7266074","-61,5516047",,Brasileira,"21,5",,,,Brasil Contra o Crime Organizado Fronteira e Divisas
3368100004,BO/PA,28/05/2026,11:51:07,Prisao/Apreensao,CUMPRIMENTO DE MANDADO DE PRISAO,,Ariquemes,RO,1,0,,,,,,,,,,,,,,,,,,,,,,,,,,,Terrestre,Residencia,,"-9,9126471","-63,038558",,Brasileira,,,,,Brasil Contra o Crime Organizado Fronteira e Divisas
3368100005,BO/PA,28/05/2026,17:37:54,Prisao/Apreensao,CUMPRIMENTO DE MANDADO DE PRISAO,,Ariquemes,RO,1,0,,,,,,,,,,,,,,,,,,,,,,,,,,,Terrestre,Residencia,,"-9,9319206","-63,0568711",,Brasileira,,,,,Brasil Contra o Crime Organizado Fronteira e Divisas
3328500768,BO,27/05/2026,21:40:00,PA,"TRÁFICO DE DROGAS - LEI 11.343/06, ART. 33",,Rolim de Moura,RO,2,0,"65,4",,,"65,4",,,,,,,1,,,,,,,,,,,,,,,,Terrestre,Rodovia,,"-11,726528","-61,56925",,Brasileira,372678,,45678,,Brasil Contra o Crime Organizado Fronteira e Divisas
3290501798,BO/PA,27/05/2026,16:14:47,Prisao/Apreensao,"CUMPRIMENTO DE MANDADO DE PRISAO / POSSE DE DROGAS PARA USO PESSOAL (LEI 11.343/06, ART. 28)",,Cujubim,RO,1,0,"0,003",,,"0,003",,,,,,,,,,,,,,,,,,,,,,,Terrestre,Residencia,,"-9,3645940","-62,582619",, Brasileira,15,,,,Brasil Contra o Crime Organizado Fronteira e Divisas
3349700774,BO/PA,27/05/2026,11:43:00,Prisao/Apreensao,"CUMPRIMENTO DE MANDADO DE PRISAO (ESTUPRO DE VULNERAVEL, CP ART. 217-A)",,Ariquemes,RO,1,0,,,,,,,,,,,,,,,,,,,,,,,,,,,Terrestre,Via publica,,"-9,8989432","-63,0528989",, Brasileira,,,,,Brasil Contra o Crime Organizado Fronteira e Divisas / Protetor da Fronteira e Divisas
3349700769,BO/PA,25/05/2026,16:33:26,Prisao/Apreensao,"CUMPRIMENTO DE MANDADO DE PRISAO (HOMICIDIO) / POSSE IRREGULAR DE ARMA DE FOGO E MUNICAO (LEI 10.826/03, ART. 12)",,Ariquemes,RO,1,0,,,,,,,,,1,9,,,,,,,,,,,,,,,,,Terrestre,Zona rural,,"-9,875428","-62,904599",,Brasileira,15000,,,,Brasil Contra o Crime Organizado Fronteira e Divisas / Protetor da Fronteira e Divisas
3258300795,COP,25/05/2026,11:19:51,PA,RECAPTURA DE FORAGIDO,,Guajará-Mirim,RO,1,0,,,,,,,,,,,,,,,,,,,,,,,,,,,Terrestre,Via pública,,"-10,7806817","-65,3289491",,Brasileira,,,,,Brasil Contra o Crime Organizado Fronteira e Divisas / Protetor da Fronteira e Divisas
3258300796,COP,25/05/2026,12:21:07,PA,RECAPTURA DE FORAGIDO / RESISTÊNCIA - ART. 329 DO CÓDIGO PENAL,,Guajará-Mirim,RO,1,0,,,,,,,,,,,,,,,,,,,,,,,,,,,Terrestre,Via pública,,"-10,7767222","-65,3221297",,Brasileira,,,,,Brasil Contra o Crime Organizado Fronteira e Divisas / Protetor da Fronteira e Divisas
3301001986,PA,23/05/2026,7:23:58,Prisão/Apreensão,"LEI 11.343/06, Art. 33 - Tráfico de drogas (Internacional)",,Guajará-Mirim,RO,1,0,"15,9","1,1",,"14,8",,,,,,,1,,,,,,,,,,,,,,,,Terrestre,"Via pública (proximidades de porto clandestino — Av. Beira Rio, Guajará-Mirim)",,"-10,7951719","-65,3443832",,Internacional,141500,,40000,,Brasil Contra o Crime Organizado Fronteira e Divisas
3301001987,PA,23/05/2026,16:18:44,Prisão/Apreensão,"LEI 11.343/06, Art. 33 - Tráfico de drogas (Internacional)",,Guajará-Mirim,RO,1,0,"3,4",,,,"3,4",,,,,,,,,,,,,,,,,,,,,,Terrestre,"Via pública (Av. Constituição, Triângulo, Guajará-Mirim)",,"-10,7953787","-65,3435676",,Internacional,34000,,,,Brasil Contra o Crime Organizado Fronteira e Divisas
3347600702,PA,22/05/2026,5:36:21,Prisão/Apreensão,"Cumprimento de Mandado de Prisão; LEI 10.826/03, Art. 12 - Posse irregular de arma de fogo e munição de uso permitido",,Vale do Anari,RO,1,0,,,,,,,,,1,11,,,,,,,,,,,,,,,,,Terrestre,"Zona rural (residência — Linha São Marcos p14, Vale do Anari)",,"-9,8596408","-62,1748035",,Brasileira,15000,,,,Brasil Contra o Crime Organizado Fronteira e Divisas / Protetor da Fronteira e Divisas
3287301174,Apoio,21/05/2026,15:53:28,Apoio,"Apoio aos órgãos de segurança pública / Tráfico de drogas (Lei 11.343/06, Art. 33)",,Vilhena,RO,0,1,"0,109",,,,,,"0,109",,,,,,,,,,,,,,,,,,,,Terrestre,Rodovia,,"-12,812957","-60,080647",,Brasileira,65400,,,,Brasil Contra o Crime Organizado Fronteira e Divisas / Protetor da Fronteira e Divisas
3285000745,PA,21/05/2026,14:56:28,Prisão/Apreensão,Cumprimento de Mandado de Prisão de pessoa maior,,Machadinho D'Oeste,RO,1,0,,,,,,,,,,,,,,,,,,,,,,,,,,,Terrestre,"Zona rural (residência — Linha RO 133, KM 22, Machadinho D'Oeste)",,"-9,3157194","-62,0561636",,Brasileira,,,,,Brasil Contra o Crime Organizado Fronteira e Divisas / Protetor da Fronteira e Divisas
3285000737,PA,20/05/2026,10:51:28,Prisão/Apreensão,Cumprimento de Mandado de Prisão de pessoa maior,,Machadinho D'Oeste,RO,1,0,,,,,,,,,,,,,,,,,,,,,,,,,,,Terrestre,Via pública (estabelecimento comercial — Autoelétrica Grilo),,"-9,4251854","-62,0024675",,Brasileira,,,,,Brasil Contra o Crime Organizado Fronteira e Divisas
3374900046,PA,20/05/2026,11:28:25,Prisão/Apreensão,Cumprimento de Mandado de Prisão de pessoa maior,,Machadinho D'Oeste,RO,1,0,,,,,,,,,,,,,,,,,,,,,,,,,,,Terrestre,"Via pública (Barbearia Império do Corte, Centro, Machadinho D'Oeste)",,"-9,4254123","-62,0044287",, Brasileira,,,,,Brasil Contra o Crime Organizado Fronteira e Divisas
3374900047,BO,20/05/2026,18:37:10,Prisão/Apreensão,Apoio aos órgãos de segurança pública,,Machadinho D'Oeste,RO,0,0,,,,,,,,,,,,,,,,,,,,,,,,,,,Terrestre,"Residência (Av. Diomero Moraes Borba, 5496, Machadinho D'Oeste)",,"-9,420196","-61,978764",,Brasileira,,,,,Brasil Contra o Crime Organizado Fronteira e Divisas
3344900862,PA,19/05/2026,8:05:22,Prisão/Apreensão,Cumprimento de mandados (Lei 12.850/2013); Porte ilegal de arma; Supressão de marca,,Ji-Paraná,RO,2,0,,,,,,,,,2,,1,,,,,,4,,,,,,,,,1810,Terrestre,Residência / Via pública (8 endereços — Ji-Paraná/RO),,"-10,8724473","-61,9592887",,Brasileira,26518,,8708,,Brasil Contra o Crime Organizado Fronteira e Divisas
3292600586,BO,19/05/2026,12:49:59,Prisão/Apreensão,"LEI 11.343/06, Art. 33 - Tráfico de drogas; LEI 10.826/03, Art. 12 - Posse irregular de munição",,São Miguel do Guaporé,RO,0,1,"0,712",,,"0,668","0,044",,,,,7,,,,,,,,,,,,,,,,,Terrestre,"Residência (Rua Peroba, 2355, Planalto, São Miguel do Guaporé)",,"-11,6870529","-62,7161018",,Brasileira,3780,,,,Brasil Contra o Crime Organizado Fronteira e Divisas
3284600832,COP,15/05/2026,12:16:01,BO/PA,Contrabando (Art. 334-A do CP) — vacinas agropecuárias,,Guajará-Mirim,RO,1,0,,,,,,,,,,,,,,,,,,,,,,,,,,134,Terrestre,"Via pública (Av. Forte Príncipe, Planalto, Guajará-Mirim — porto clandestino Porto Pérola)",,"-10,7635381","-65,3150054",,Internacional (produto oriundo da Bolívia),134,,,,Protetor da Fronteira e Divisas
3340401342,PA,13/05/2026,17:20:00,Prisão/Apreensão,"Cumprimento de Mandado de Prisão; LEI 10.826/03, Art. 12 - Posse irregular de arma de fogo",,Alto Paraíso,RO,2,0,,,,,,,,,1,3,,,,,,,,,,,,,,,,,Terrestre,"Zona rural (Linha C90, Travessão B0, Alto Paraíso)",,"-9,7154436","-63,5572512",,Brasileira,15000,,,,Brasil Contra o Crime Organizado Fronteira e Divisas / Protetor da Fronteira e Divisas
3375000032,BO/PA,12/05/2026,21:37:12,Prisão/Apreensão,Tráfico de drogas; Porte ilegal de arma de fogo,,Porto Velho,RO,2,0,"0,337","0,211",,,"0,126",,,,1,6,,,,,,,,,,,,,,,,,Terrestre,Via pública (Distrito Nova Mutum Paraná / Jaci-Paraná),,"-9,2951576","-64,5473759",,Brasileira,9535,,,,Brasil Contra o Crime Organizado Fronteira e Divisas
3287900625,BO/PA,12/05/2026,22:08:08,Prisão/Apreensão,"LEI 10.826/03, Art. 14 - Porte ilegal de arma de fogo de uso permitido",,Vale do Anari,RO,1,0,,,,,,,,,1,,,,,,,,,,,,,,,,,,Terrestre,"Zona rural (RO 133, KM 50, Vale do Anari)",,"-9,8595602","-62,1748611",,Brasileira,15000,,,,Brasil Contra o Crime Organizado Fronteira e Divisas
3285000719,PA,12/05/2026,20:36:28,Prisão/Apreensão,"LEI 11.343/06, Art. 33 - Tráfico de drogas",,Vale do Anari,RO,1,0,"0,03","0,02",,"0,01",,,,,,,,,,,,,,,,,,,,,,,Terrestre,Via pública (ponto de embarque/desembarque de ônibus interestadual),,"-9,8596408","-62,1748208",,Brasileira,550,,,,Protetor da Fronteira e Divisas
3285000714 / 3285500872,COP,11/05/2026,16:46:54,Apoio aos órgãos de segurança pública,Apoio (tráfico de drogas — apreensão no BO 3285500872),,Jaru,RO,0,0,,,,,,,,,,,,,,,,,,,,,,,,,,,Terrestre,"Residência (Rua Sergipe, 2043, Setor 1A, Jaru)",,"-10,435159","-62,4606608",,Brasileira,,,,,Brasil Contra o Crime Organizado Fronteira e Divisas
3287301131,COP,10/05/2026,21:57,Prisão/Apreensão,"Tráfico interestadual de drogas (Lei 11.343/06, Art. 33 c/c Art. 40, I) / Associação para o tráfico (Lei 11.343/06, Art. 35)",,Porto Velho,RO,7,0,"191,8","50,45","34,95","99,2",,,,,,,1,,,,,,,,,,,,,,,,Terrestre,Rodovia (BR-364),,"-9,621364","-64,943452",,Brasileira,6133945,,106695,,Protetor da Fronteira e Divisas
3284700661,COP,09/05/2026,17:02,Apreensão,Contrabando (combustível),,Guajará-Mirim,RO,0,0,,,,,,,,,,,,44,,,,,,,,,,,,,,,Terrestre,Via pública / Rodovia,,"-10,7951719","-65,3443832",,Brasileira / Op. Protetor Fronteiras e Divisas 15ª,"299,2",,,,Protetor da Fronteira e Divisas
3284700657,COP,08/05/2026,16:57:06,Comunicacao de Ocorrencia,DESCAMINHO (CP ART. 334),,Porto Velho,RO,0,1,,,,,,,,,,,,,,,,,,,16300,,,,,,,,Terrestre,Rodovia,,"-9,41805","-64,694674",,Internacional,16300,,,,Protetor da Fronteira e Divisas
3286200907,BO/PA,07/05/2026,5:15:17,Prisao/Apreensao,"TRAFICO INTERNACIONAL DE DROGAS (LEI 11.343/06, ART. 33 c/c ART. 40, I) / ASSOCIACAO PARA O TRAFICO (ART. 35)",,Porto Velho,RO,2,0,"301,8","19,8",,282,,,,,,,,,,,,,,,,,1,1,,,,,Fluvial,Calha do Rio Madeira (patrulhamento fluvial),,"-9,59564","-64,923174",,Internacional,3045100,,37000,,Protetor da Fronteira e Divisas
3286200906,COP,04/05/2026,17:24,Apoio Administrativo,Apoio a órgãos da administração pública,,Nova Mamoré,RO,0,0,,,,,,,,,,,,,,,,,,,,,,,,,,,Terrestre,Via pública / Rodovia,,"-10,4106678","-65,3305618",,Brasileira / Op. Protetor Divisas e Fronteiras,135000,,135000,,Protetor da Fronteira e Divisas
3371700505,TCO,30/04/2026,0:06,TCO,"TRANSPORTE IRREGULAR DE PRODUTO FLORESTAL SEM LICENÇA VÁLIDA (LEI 9.605/98, ART. 46, PARÁGRAFO ÚNICO)",,Porto Velho,RO,0,1,,,,,,,,,,,1,,,,,"12,9393",,,,,,,,,,,Terrestre,Zona rural,,"-9,426365","-64,223023",,Brasileira,"89408,95",,70000,,Protetor da Fronteira e Divisas
3371700506,TCO,30/04/2026,1:22,TCO,"CRIME AMBIENTAL - TRANSPORTE DE PRODUTO FLORESTAL SEM LICENÇA VÁLIDA (LEI 9.605/98, ART. 46, PARÁGRAFO ÚNICO)",,Porto Velho,RO,2,1,,,,,,,,,,,2,,,,,"39,1512",,,,,,,,,,,Terrestre,Zona rural,,"-9,621327","-63,970186",,Brasileira,"518726,8",,460000,,Patrulha Ordinária
3286200905,COP,29/04/2026,14:03,Comunicação de Ocorrência,Apoio a órgãos da administração pública,,Nova Mamoré,RO,1,0,,,,,,,,,,,,,,,,,,,,,,,,,,,Terrestre,Via pública / Rodovia,,"-10,5982529","-64,9949461",,,,,,,Guardiões da Fronteira
3286200904,COP,28/04/2026,10:07,Prisão/Apreensão,Descaminho (CP Art. 334),,Nova Mamoré,RO,0,1,,,,,,,,,,,,,,,,,,752,,,,,,,,,Terrestre,Via pública / Rodovia,,"-9,944472","-65,292848",,Brasileira,9575,9575,,,Apoio a Funai
3286200899,COP,21/04/2026,11:23,Comunicação de Ocorrência,Apoio a órgão de segurança,,Porto Velho,RO,0,0,,,,,,,,,,,,,,,,,,,,,,,,,,,Terrestre,Via pública / Rodovia,,"-9,688426","-65,093572",,,35000,,35000,,Protetor da Fronteira e Divisas
3284600823 / 3302500465,BO/PA,15/04/2026,14:38:22,Prisao/Apreensao,"TRAFICO INTERNACIONAL DE DROGAS (LEI 11.343/06, ART. 33)",,São Francisco do Guaporé,RO,2,0,"454,8",,1,"453,8",,,,,,,2,,,,,,,,,,,,,,,,Terrestre,Rodovia,,"-12,0603107","-63,572854",,Internacional,2635000,,107000,,Operação Conjunta Integrada
3286200893,COP,15/04/2026,9:55,Apoio aos órgãos de segurança pública,Apoio a órgão de segurança,,Porto Velho,RO,0,0,,,,,,,,,,,,,,,,,,,,,,,,,,,Terrestre,Via pública / Rodovia,,"-9,2855603","-64,5485455",,,,,,,
3374900027 / 3329902283,COP,09/04/2026,19:50:46,PA,TRÁFICO DE DROGAS - LEI 11.343/06 ART. 33,,Alta Floresta D'Oeste,RO,1,0,"5,1",,"5,1",,,,,,,,1,,,,,,,,,,,,,,,,Terrestre,Rodovia,,"-12,0687027","-61,9925548",,Brasileira,268500,,13500,,Protetor da Fronteira e Divisas
3284600820,TCO,09/04/2026,18:44,TCO,"CRIME AMBIENTAL - TRANSPORTE DE PRODUTO FLORESTAL SEM LICENCA VALIDA (LEI 9.605/98, ART. 46, PARAGRAFO UNICO)",,Machadinho D'Oeste,RO,2,1,,,,,,,,,,,1,,,,,"16,4832",,,,,,,,,,,Terrestre,Rodovia,,"-9,348077","-62,140944",,Brasileira,"229619,66",,195000,"9894,86",Dominus / Protetor da Fronteira e Divisas
3286200887,COP,09/04/2026,,Prisão/Apreensão,Descaminho (CP Art. 334),,Guajará-Mirim,RO,0,1,,,,,,,,,,,,,,,,,,11004,,,,,,,,,Fluvial,Via pública / Zona rural,,"-10,798299","-65,341948",,Internacional,57820,57820,,,Protetor da Fronteira e Divisas
3295701353,BO/PA,07/04/2026,1:00:51,Prisao/Apreensao,"TRAFICO DE DROGAS (LEI 11.343/06, ART. 33)",,Ji-Paraná,RO,1,0,"7,3",1,1,"4,3",1,,,146,,,,,,,,,,,,,,,,,,,Terrestre,Terminal rodoviario,,"-10,877377","-61,9561472",,Brasileira,115260,,,,
3374900024,TCO,05/04/2026,14:32,Termo Circunstanciado,"LEI 11.343/06, Art. 28 - Posse/porte drogas uso pessoal",,Porto Velho,RO,1,1,,,,,,,,,,,1,,,,,,,,,,,,,,,,Terrestre,Via pública / Zona rural,,"-9,6751328","-65,3958749",,,317522,,317522,,Protetor da Fronteira e Divisas
3327500161,TCO,31/03/2026,3:10,TCO,"CRIME AMBIENTAL - TRANSPORTAR PRODUTO FLORESTAL SEM LICENCA VALIDA (LEI 9.605/98, ART. 46, PARAGRAFO UNICO)",,Porto Velho,RO,1,1,,,,,,,,,,,1,,,,,"4,6349",,,,,,,,,,,Terrestre,Zona rural,,"-8,8027420","-64,06829",,Brasileira,"116952,35",,110000,,Patrulha Ordinária
3327500162,TCO,31/03/2026,3:52,TCO,"CRIME AMBIENTAL - TRANSPORTE DE PRODUTO FLORESTAL SEM LICENCA VALIDA (LEI 9.605/98, ART. 46, PARAGRAFO UNICO)",,Porto Velho,RO,1,1,,,,,,,,,,,1,,,,,"20,9951",,,,,,,,,,,Terrestre,Zona rural,,"-8,775453","-64,077012",,Brasileira,"296492,65",,265000,,Patrulha Ordinária
3327500163,TCO,31/03/2026,4:15,TCO,"TRANSPORTE DE PRODUTO DE ORIGEM VEGETAL SEM LICENÇA VÁLIDA (LEI 9.605/98, ART. 46, PARÁGRAFO ÚNICO)",,Porto Velho,RO,0,1,,,,,,,,,,,1,,,,,"21,6579",,,,,,,,,,,Terrestre,Zona rural,,"-8,799613","-64,130038",,Brasileira,"102486,85",,70000,,Patrulha Ordinária
3284700616,BO,28/03/2026,23:30,Prisão/Apreensão,"Tráfico de drogas (Lei 11.343/06, Art. 33) / Porte ilegal de arma de fogo (Lei 10.826/03, Art. 14)",,Porto Velho,RO,2,0,"421,95","33,1",72,"316,85",,,,,1,5,1,,,,,,2,,,,1,1,,,,,Fluvial,"Área de mata (Rio Madeira, zona ribeirinha de fronteira)",,"-9,5760170","-65,0159331",,Brasileira,9937700,,50000,,Protetor da Fronteira e Divisas
3283700667,TCO,23/03/2026,00:05:00,Termo Circunstanciado,"Transporte ilegal de madeira (Lei 9.605/98, Art. 46)",,Porto Velho,RO,0,1,,,,,,,,,,,1,,,,,,,,,,,,,,,,Terrestre,Terra Indígena / Zona Rural,,"-8,7424022","-63,9015517",,Brasileira,29410,,29410,,Patrulha Ordinária
3374900016,BO / COP,19/03/2026,11:00,Comunicação de Ocorrência,Recuperação de veículo (CP Art. 155/180),,Guajará-Mirim,RO,0,0,,,,,,,,,,,1,,,,,,,,,,,,,,,,Terrestre,Via fluvial / Zona rural / Fronteira,,"-10,7932316","-65,3472415",,Brasileira,75000,,75000,,Patrulha Ordinária
3374900015,BO / PA,17/03/2026,9:00,Relato de Ocorrência,Receptação (CP Art. 180),,Porto Velho,RO,2,0,,,,,,,,,,,1,,,,,,,,,,,,,,,,Terrestre,Via pública / Área urbana,,"-9,7444721","-66,1925435",,Brasileira,110000,,110000,,Protetor da Fronteira e Divisas
3374900014,BO,17/03/2026,11:30,Prisão/Apreensão,"Porte ilegal de arma de fogo (Lei 10.826/03, Art. 14)",,Porto Velho,RO,1,0,,,,,,,,,1,3,1,,,,,,,,,,,,,,,,Terrestre,Via pública / Rodovia,,"-9,6619598","-65,7707748",,,5500,,,,Protetor da Fronteira e Divisas
3284800367,COP,13/03/2026,0:29:11,Comunicacao de Ocorrencia,"TRAFICO DE DROGAS (LEI 11.343/06, ART. 33)",,Nova Mamoré,RO,0,1,44,36,,8,,,,,,,,,,,,,,,,,,,,,,,Terrestre,Acostamento/vegetacao ribeirinha,,"-10,059869","-65,316725",,Internacional,2740000,,,,Protetor da Fronteira e Divisas
3284800366,BO / COP,06/03/2026,11:11,Comunicação de Ocorrência,Recuperação de veículo (CP Art. 155/180),,Guajará-Mirim,RO,0,0,,,,,,,,,,,1,,,,,,,,,,,,,,,,Terrestre,Via pública / Rodovia,,"-10,7748305","-65,3224549",,Internacional,95000,,95000,,Protetor da Fronteira e Divisas
3284800365,BO / COP,06/03/2026,10:57,Comunicação de Ocorrência,Descaminho (CP Art. 334),,Guajará-Mirim,RO,0,1,,,,,,,,,,,,,,,,,,,,5,,,,,,,Terrestre,Via pública / Rodovia,,"-10,7962219","-65,3412902",,Internacional,1250,1250,,,Protetor da Fronteira e Divisas
3296600069,BO/PA,05/03/2026,10:01:55,Prisao/Apreensao,"TRAFICO DE DROGAS (LEI 11.343/06, ART. 33) / ASSOCIACAO PARA O TRAFICO (ART. 35)",,Cacoal,RO,2,0,"5,076","5,049",,"0,027",,,,,,,2,,,,,,,,,,,,,,,2096,Terrestre,Patio de posto de combustivel,,"-11,4515669","-61,4283278",,Brasileira,218721,,89000,,
3284800364,BO/PA,03/03/2026,22:47:13,Prisao/Apreensao,"TRAFICO DE DROGAS (LEI 11.343/06, ART. 33) / PORTE ILEGAL DE ARMA (LEI 10.826/03, ART. 14)",,Porto Velho,RO,2,0,"391,403","110,003","259,65","21,75",,,,,1,16,,,,,,,,,,,1,1,,,,900,Fluvial,Calha do Rio Abuna,,"-9,674722","-65,448056",,Internacional,21519625,,22000,,Protetor da Fronteira e Divisas
3330600316,BO / COP,03/03/2026,13:30,Prisão/Apreensão,Receptação (CP Art. 180),,Rolim de Moura,RO,1,0,,,,,,,,,,,1,,,,,,,,,,,,,,,,Terrestre,Rodovia,,"-11,7259916","-61,7795743",,Brasileira,52000,,52000,,Protetor da Fronteira e Divisas
3340600758,BO / COP,01/03/2026,10:15,Comunicação de Ocorrência,Recuperação de veículo (CP Art. 155/180),,Porto Velho,RO,0,0,,,,,,,,,,,1,,,,,,,,,,,,,,,,Terrestre,Zona rural,,"-9,129923","-64,141452",,Brasileira,66000,,66000,,Vesúvio
3340600757,BO / COP,28/02/2026,11:00,Prisão/Apreensão,"Posse irregular de arma de fogo (Lei 10.826/03, Art. 12)",,Porto Velho,RO,1,0,,,,,,,,,2,7,,,,,,,,,,,,,,,,,Fluvial,Rio São Lourenço / Parque Nacional Mapinguari,,"-9,498263","-64,7980346",,,11000,,,,Protetor da Fronteira e Divisas
3284500781,BO / COP,27/02/2026,17:00,Comunicação de Ocorrência,Descaminho (CP Art. 334),,Guajará-Mirim,RO,0,1,,,,,,,,,,,,104,,,,,,,,,,,,,,,Fluvial,Via pública / Rodovia,,"-10,7748305","-65,3224549",,Internacional,"707,2",,,,Protetor da Fronteira e Divisas
3284500780,BO / COP,25/02/2026,10:51,Prisão/Apreensão,"Tráfico de drogas (Lei 11.343/06, Art. 33)",,Guajará-Mirim,RO,1,0,"0,31",,,"0,31",,,,,,,,,,,,,,,,,,,,,,,Terrestre,Residencia,,"-10,7623892","-65,3004602",,Brasileira,1550,,,,Protetor da Fronteira e Divisas
3284500779,BO / COP,23/02/2026,9:45,Prisão/Apreensão,Descaminho (CP Art. 334),,Guajará-Mirim,RO,0,1,,,,,,,,,,,,217,175,,,,,,,,,,,,,,Fluvial,Via pública / Rodovia,,"-10,7886095","-65,3409706",,Internacional,"2665,6",,,,Protetor da Fronteira e Divisas
3284800356,TCO,22/02/2026,6:15,TCO,"TRANSPORTE DE MADEIRA SEM LICENÇA VÁLIDA (LEI 9.605/98, ART. 46, PARÁGRAFO ÚNICO)",,Porto Velho,RO,0,1,,,,,,,,,,,1,,,,,"24,163",,,,,,,,,,,Terrestre,Rodovia,,"-9,727853","-65,33548",,Brasileira,"163493,4",,120000,"7248,9",Protetor da Fronteira e Divisas
3284800357,TCO,22/02/2026,7:28,TCO,"CRIME AMBIENTAL - TRANSPORTE DE MADEIRA SEM LICENÇA VÁLIDA (LEI 9.605/98, ART. 46, PARÁGRAFO ÚNICO)",,Porto Velho,RO,0,1,,,,,,,,,,,1,,,,,"19,173",,,,,,,,,,,Terrestre,Rodovia,,"-9,727853","-65,33548",,Brasileira,"154505,4",,120000,"5745,9",Protetor da Fronteira e Divisas
3284800358,TCO,22/02/2026,7:34,TCO,"TRANSPORTAR MADEIRA SEM LICENÇA VÁLIDA (ART. 46, PARÁGRAFO ÚNICO, DA LEI 9.605/98) / CRIME AMBIENTAL",,Porto Velho,RO,0,1,,,,,,,,,,,1,,,,,"16,749",,,,,,,,,,,Terrestre,Rodovia,,"-9,727853","-65,33548",,Brasileira,"128148,29",,98000,"5024,79",Protetor da Fronteira e Divisas
3284800359,TCO,22/02/2026,7:53,TCO,"CRIME AMBIENTAL - TRANSPORTE DE MADEIRA SEM LICENÇA VÁLIDA (LEI 9.605/98, ART. 46, PARÁGRAFO ÚNICO)",,Porto Velho,RO,0,1,,,,,,,,,,,1,,,,,"18,361",,,,,,,,,,,Terrestre,Rodovia,,"-9,727853","-65,33548",,Brasileira,"233049,53",,200000,"5508,03",Protetor da Fronteira e Divisas
3284800360,TCO,22/02/2026,8:35,TCO,"CRIME AMBIENTAL - TRANSPORTAR MADEIRA SEM LICENÇA VÁLIDA (LEI 9.605/98, ART. 46, PARÁGRAFO ÚNICO)",,Porto Velho,RO,0,0,,,,,,,,,,,,,,,,,,,,,,,,,,,Terrestre,Rodovia,,"-9,727853","-65,33548",,Brasileira,,,,,Protetor da Fronteira e Divisas
3286200883,TCO,21/02/2026,18:52,TCO,"TRANSPORTE ILEGAL DE PRODUTO FLORESTAL (MADEIRA SEM LICENÇA VÁLIDA) - LEI 9.605/98, ART. 46, PARÁGRAFO ÚNICO",,Machadinho D'Oeste,RO,0,1,,,,,,,,,,,1,,,,,16,,,,,,,,,,,Terrestre,Rodovia,,"-9,182222","-61,579167",,Brasileira,94000,,70000,,Protetor da Fronteira e Divisas
3286200882,TCO,21/02/2026,18:26,TCO,"TRANSPORTE ILEGAL DE PRODUTO FLORESTAL / CRIME AMBIENTAL (LEI 9.605/98, ART. 46, PARÁGRAFO ÚNICO)",,Machadinho D'Oeste,RO,0,1,,,,,,,,,,,1,,,,,18,,,,,,,,,,,Terrestre,Rodovia,,"-9,182222","-61,579167",,Brasileira,117000,,90000,,Protetor da Fronteira e Divisas
3286200870,TCO,20/02/2026,21:38,TCO,"TRANSPORTE DE PRODUTO FLORESTAL SEM LICENÇA VÁLIDA (LEI 9.605/98, ART. 46, PARÁGRAFO ÚNICO)",,Machadinho D'Oeste,RO,0,1,,,,,,,,,,,1,,,,,"21,39",,,,,,,,,,,Terrestre,Zona rural,,"-9,367778","-61,934444",,Brasileira,102085,,70000,,Protetor da Fronteira e Divisas
3286200862,BO / COP,18/02/2026,16:00,Comunicação de Ocorrência,Descaminho (CP Art. 334),,Guajará-Mirim,RO,0,1,,,,,,,,,,,1,,,13,,,,,,,,,,,,,Terrestre,Via pública / Rodovia,,"-10,7916316","-65,3475501",,Internacional,13900,,10000,,Protetor da Fronteira e Divisas
3286200861,BO / COP,18/02/2026,5:55,Comunicação de Ocorrência,Descaminho (CP Art. 334) / Contrabando (CP Art. 334-A),,Guajará-Mirim,RO,0,1,,,,,,,,,,,,72,,,860,,,,,,,,,,,,Fluvial,Via pública / Rodovia,,"-10,7938628","-65,3437049",,Internacional,"9800,6",883,,,Protetor da Fronteira e Divisas
3286200864,BO,18/02/2026,21:37,Prisão/Apreensão,"Porte ilegal de arma de fogo de uso restrito (Lei 10.826/03, Art. 16)",,Guajará-Mirim,RO,1,0,,,,,,,,,1,33,,,,,,,,,,,,,,,,,Terrestre,Via pública / Rodovia,,"-10,7759791","-65,3221124",,,5500,,,,Protetor da Fronteira e Divisas
3286200860,BO,17/02/2026,4:25,Prisão/Apreensão,Resistência (CP Art. 329) / Desobediência (CP Art. 330) / Descaminho (CP Art. 334),,Guajará-Mirim,RO,1,0,,,,,,,,,,,1,,,,,,1,,,,,,,,,,Terrestre,Via pública / Rodovia,,"-10,8691926","-65,2103652",,,,,,,Protetor da Fronteira e Divisas
3287301015,BO / COP,15/02/2026,11:18,Comunicação de Ocorrência,"Tráfico de drogas (Lei 11.343/06, Art. 33)",,Guajará-Mirim,RO,0,1,"5,3",,"4,3",1,,,,,,,,,,,,,,,,,,,,,,,Terrestre,Via pública / Rodovia,,"-10,7882174","-65,3308039",,,220000,,,,Madeira Mamoré
3286200848,BO,14/02/2026,8:31,Prisão/Apreensão,"Tráfico de drogas (Lei 11.343/06, Art. 33)",,Guajará-Mirim,RO,1,0,"52,2",,"52,2",,,,,,,,1,,,,,,1,,,,,,,,,384,Terrestre,Via pública / Área urbana,,"-10,7901309","-65,3409967",,Brasileira,2652384,,42000,,Patrulha Ordinária
7000419-50.2006.8.22.0017,BO,14/02/2026,17:55,Prisão/Apreensão,"Tráfico de drogas (Lei 11.343/06, Art. 33)",,Guajará-Mirim,RO,1,0,"0,153",,,"0,153",,,,,,,,,,,,,1,,,,,,,,,3994,Terrestre,Via pública / Rodovia,,"-10,7870836","-65,3408691",,,180659,,175900,,Protetor da Fronteira e Divisas
91583,BO,14/02/2026,,Prisão/Apreensão,Adulteração de sinal identificador de veículo (CP Art. 311),,Guajará-Mirim,RO,1,0,,,,,,,,,,,1,,,,,,,,,,,,,,,,Terrestre,Via pública / Rodovia,,"-10,778132","-65,309728",,,,,,,Madeira Mamoré
915837,BO,14/02/2026,15:47,Prisão/Apreensão,Adulteração de sinal identificador de veículo (CP Art. 311),,Guajará-Mirim,RO,1,0,,,,,,,,,,,1,,,,,,,,,,,,,,,,Terrestre,Via pública / Rodovia,,"-10,778132","-65,309728",,,,,,,Protetor da Fronteira e Divisas
3340600700,BO,13/02/2026,11:41,Prisão/Apreensão,"Tráfico de drogas (Lei 11.343/06, Arts. 33 e 35)",,Nova Brasilândia D'Oeste,RO,4,0,"42,3",,,"42,3",,,,,,,2,,,,,,5,,,,,,,,,,Terrestre,Via pública / Rodovia,,"-11,7261337","-62,3763309",,,341500,,130000,,Madeira Mamoré
3340600694,BO / PA,11/02/2026,23:37,Prisão/Apreensão,"Tráfico de drogas (Lei 11.343/06, Art. 33) / Apoio a órgão de segurança",,São Miguel do Guaporé,RO,1,0,173,,,173,,,,,,,1,,,,,,,,,,,,,,,,Terrestre,Via pública / Rodovia,,"-11,7022461","-62,7188361",,,1062195,,197195,,Dominus
3287300945,BO,08/02/2026,,Prisão/Apreensão,Homicídio (CP Art. 121),,Porto Velho,RO,0,0,,,,,,,,,,,,,,,,,,,,,,,,,,,Terrestre,Via pública / Rodovia,,"-9,5907468","-63,8645469",,,120202,,120202,,Madeira Mamoré
3286600975,BO,07/02/2026,3:45,Prisão/Apreensão,"Tráfico de drogas (Lei 11.343/06, Art. 33)",,Nova Mamoré,RO,1,0,"56,834","4,174",,"51,64","1,02",,,,,,1,,,,,,,,,1,,,,,,,Terrestre,Via pública / Rodovia,,"-10,1870092","-65,2892846",,Brasileira,445420,,40000,,Madeira Mamoré
3258700951,BO,07/02/2026,1:30,Prisão/Apreensão,"Tráfico de drogas (Lei 11.343/06, Art. 33)",,Nova Mamoré,RO,0,1,20,,,20,,,,,,,,,,,,,1,,,,,,,,,,Terrestre,Via pública / Rodovia,,"-10,4192017","-65,3356906",,,110063,,10063,,Madeira Mamoré
3330600306,BO,06/02/2026,17:50,Relato de Ocorrência,Cumprimento de mandado de prisão,,Rolim de Moura,RO,1,0,,,,,,,,,,,,,,,,,,,,,,,,,,,Terrestre,Via pública / Área urbana,,"-11,7292322","-61,7776836",,,10298,,10298,,Patrulha Ordinária
333060030,BO,06/02/2026,,Prisão/Apreensão,Cumprimento de mandado de prisão,,Rolim de Moura,RO,0,0,,,,,,,,,,,,,,,,,,,,,,,,,,,Terrestre,Via pública / Zona rural,,"-11,7258437","-61,775785",,,,,,,Madeira Mamoré
3287300939,COP,29/01/2026,17:52:27,BO,Recuperação de veículo furtado/roubado; Furto qualificado mediante fraude (CP Art. 155 §4 II); Receptação (CP Art. 180),,Guajará-Mirim,RO,0,0,,,,,,,,,,,1,,,,,,,,,,,,,,,,Terrestre,Via pública,,"-10,7870836","-65,3408691",,Brasileira,120000,,120000,,Protetor da Fronteira e Divisas
3375300003,PA,29/01/2026,3:23,PA,Art. 180 do CP (Receptação),,Guajará-Mirim,RO,3,0,,,,,,,,,,,1,,,,,,,,,,,2,,,,,Terrestre,Zona rural,,"-10,787084","-65,3408691",,Internacional,32000,,32000,,Protetor da Fronteira e Divisas
010/4ºBPM/11JAN2026,BO,11/01/2026,19:35,Comunicação de Ocorrência,Recuperação de veículo (CP Art. 155/180),,Humaitá,AM,1,0,,,,,,,,,,,1,,,,,,,,,,,,,,,,Terrestre,Via pública / Rodovia,,"-7,6343115","-62,6582588",,,,,,,Madeira Mamoré
3284800355,BO / COP,07/01/2026,11:44,Prisão/Apreensão,Descaminho (CP Art. 334),,Guajará-Mirim,RO,0,1,,,,,,,,,,,1,,,,,,,,,,,,,,,,Terrestre,Via pública / Rodovia,,"-10,7962219","-65,3412902",,,144778,,144778,,Protetor da Fronteira e Divisas
3286200773,BO/PA,06/01/2026,,Prisão/Apreensão,"Posse irregular de arma de fogo (Lei 10.826/03, Art. 12)",,Machadinho D'Oeste,RO,1,0,,,,,,,,,1,,,,,,,,,,,,,,,,,,Terrestre,Via pública / Rodovia,,"-9,4251854","-62,0024675",,,5500,,,,Madeira Mamoré
3284800354,BO,05/01/2026,,Prisão/Apreensão,Cumprimento de mandado de prisão,,Guajará-Mirim,RO,1,0,,,,,,,,,,,,,,,,,,,,,,,,,,,Terrestre,Via pública / Rodovia,,"-10,7979572","-65,3415985",,,,,,,Madeira Mamoré
3287300924,BO,05/01/2026,10:26,Relato de Ocorrência,Cumprimento de mandado de prisão,,Guajará-Mirim,RO,1,0,,,,,,,,,,,,,,,,,,,,,,,,,,,Terrestre,Via pública / Zona rural,,"-10,7701298","-65,3222851",,,,,,,Protetor da Fronteira e Divisas
3284700608,BO / COP,03/01/2026,22:23,Comunicação de Ocorrência,"Tráfico de drogas (Lei 11.343/06, Art. 33)",,Guajará-Mirim,RO,0,1,"0,755","0,755",,,,,,,,,,,,,,,,,,,,,,,,,Terrestre,Via pública / Rodovia,,"-10,7751801","-65,1819136",,,117984,,61359,,Protetor da Fronteira e Divisas
3284800353,BO / PA,02/01/2026,10:30,Prisão/Apreensão,"Porte ilegal de arma de fogo (Lei 10.826/03, Art. 14) / Posse de drogas (Lei 11.343/06, Art. 28)",,Guajará-Mirim,RO,3,3,"0,007","0,001",,"0,006",,,,,1,3,,,,,,,6,,,,,,,,,,Terrestre,Via pública / Rodovia,,"-10,7623892","-65,3004602",,,5605,,,,Protetor da Fronteira e Divisas
3340600598,COP,29/12/2025,,Prisão/Apreensão,Recuperação de veículo (CP Art. 155/180),,Guajará-Mirim,RO,0,0,,,,,,,,,,,1,,,,,,,,,,,,,,,,Terrestre,Via pública / Rodovia,,"-10,7870836","-65,3408691",,Internacional,118000,,118000,,Madeira Mamoré
3286200741,TCO,26/12/2025,16:16:33,TCO,Crime ambiental - Lei 9.605/98 Art. 46 parágrafo único; Transporte e beneficiamento de produto florestal sem licença,,Machadinho D'Oeste,RO,0,2,,,,,,,,,,,2,,,,,"5,124",,,,,,,,,,,Terrestre,Área de mata,,"-9,233333","-61,931944",,Brasileira,167686,,160000,,Manutenção de Posse Dominus
3284800352,COP,26/12/2025,,Prisão/Apreensão,Objeto encontrado,,Guajará-Mirim,RO,0,0,"0,01","0,01",,,,,,,,,,,,,,,,,,,,,,,,,Terrestre,Via pública / Rodovia,,"-10,7951719","-65,3443832",,,15526,,14776,,Protetor da Fronteira e Divisas
3284800351,COP,25/12/2025,23:25:03,BO,Recuperação de veículo furtado (CP Art. 155),,Guajará-Mirim,RO,0,0,,,,,,,,,,,1,,,,,,,,,,,,,,,,Terrestre,Via pública,,"-10,7870836","-65,3408691",,Brasileira,100000,,100000,,Madeira Mamoré
3340600589,BO,23/12/2025,,Prisão/Apreensão,Cumprimento de mandado de prisão,,Guajará-Mirim,RO,1,0,,,,,,,,,,,,,,,,,,,,,,,,,,,Terrestre,Via pública / Rodovia,,"-10,7951719","-65,3443832",,,212805,,212805,,Protetor da Fronteira e Divisas
3340600588,COP,20/12/2025,,Prisão/Apreensão,Descaminho (CP Art. 334),,Guajará-Mirim,RO,0,0,,,,,,,,,,,1,,,,,,,,,,,,,,,,Terrestre,Via pública / Rodovia,,"-10,7951719","-65,3443832",,,22106,,22106,,Protetor da Fronteira e Divisas
3284700606,COP,19/12/2025,,Prisão/Apreensão,"Tráfico de drogas (Lei 11.343/06, Art. 33)",,Guajará-Mirim,RO,0,1,"1,033","1,033",,,,,,,,,,,,,,,,,,,,,,,,,Fluvial,Margem de rio / Faixa de fronteira,,"-10,7979572","-65,3415985",,Internacional,25825,,,,Madeira Mamore
3284700605,BO,18/12/2025,,Prisão/Apreensão,Cumprimento de mandado de prisão,,Guajará-Mirim,RO,1,0,,,,,,,,,,,,,,,,,,,,,,,,,,,Terrestre,Via pública / Rodovia,,"-10,7759791","-65,3221124",,,,,,,Protetor da Fronteira e Divisas
3284800348,BO,15/12/2025,,Prisão/Apreensão,Cumprimento de mandado de prisão,,Guajará-Mirim,RO,1,0,,,,,,,,,,,,,,,,,,,,,,,,,,,Terrestre,Via pública / Rodovia,,"-10,7892805","-65,3433273",,,6121,,6121,,Protetor da Fronteira e Divisas
3284800347,BO,15/12/2025,,Prisão/Apreensão,Descaminho (CP Art. 334),,Guajará-Mirim,RO,2,0,,,,,,,,,,,1,380,,,,,,,,,,,,,,,Terrestre,Via pública / Rodovia,,"-10,7775739","-65,3206344",,,2584,,,,Protetor da Fronteira e Divisas
3287300903,BO,13/12/2025,,Prisão/Apreensão,Adulteração de sinal identificador de veículo (CP Art. 311),,Porto Velho,RO,2,0,,,,,,,,,,,1,,,,,,,,,,,,,,,,Terrestre,Via pública / Rodovia,,"-9,657671","-65,7416439",,,10160,,10160,,Patrulha Ordinária
3284800321,COP,04/12/2025,,Prisão/Apreensão,"Tráfico de drogas (Lei 11.343/06, Art. 33)",,Guajará-Mirim,RO,0,1,2,,,2,,,,,,,,,,,,,,,,,,,,,,,Terrestre,Area de mata / Setor portuario,,"-10,7676683","-65,3275616",,Nao informado,24000,,,,Madeira Mamore
3284500732,BO,25/11/2025,,Prisão/Apreensão,"Tráfico de drogas (Lei 11.343/06, Art. 33)",,Guajará-Mirim,RO,1,0,29,,,29,,,,,,,,,,,,,,,,,,,,,,,Terrestre,Via pública / Rodovia,,"-10,7839579","-65,3201648",,,145000,,,,Protetor da Fronteira e Divisas
3330100876,COP,24/11/2025,,Prisão/Apreensão,"Tráfico de drogas (Lei 11.343/06, Art. 33)",,Alta Floresta D'Oeste,RO,0,0,491,491,,,,,,,,,1,,,,,,,,,,,,,,,,Terrestre,Via pública / Rodovia,,"-12,0424903","-61,8729142",,,36894061,,69061,,Protetor da Fronteira e Divisas
3340600551,COP,21/11/2025,,Prisão/Apreensão,Descaminho (CP Art. 334),,Guajará-Mirim,RO,0,0,,,,,,,,,,,,,,,,,,384,,,,,,,,,Fluvial,Via pública / Rodovia,,"-10,7951719","-65,3443832",,Internacional,76800,76800,,,Madeira Mamoré
3340600550,BO,21/11/2025,,Prisão/Apreensão,"Tráfico de drogas (Lei 11.343/06, Art. 33)",,Guajará-Mirim,RO,2,0,1,,,1,,,,,,,,,,,,,,,,,,,,,,,Terrestre,Via pública / Rodovia,,"-10,7951719","-65,3443832",,,71193,,66193,,Protetor da Fronteira e Divisas
3284700596,COP,17/11/2025,15:40:00,Prisão/Apreensão,"Tráfico de drogas (Lei 11.343/06, Art. 33)",,Guajará-Mirim,RO,0,1,"8,9",,,"8,9",,,,,,,,,,,,,,,,,,,,,,,Terrestre,Via pública / Porto fluvial,,"-10,7946406","-65,3429551",,Brasileira,44500,,,,Madeira Mamoré
3340600547,COP,02/11/2025,,Prisão/Apreensão,"Tráfico de drogas (Lei 11.343/06, Art. 33)",,Guajará-Mirim,RO,0,0,"55,1",,,"55,1",,,,,,,,,,,,,,,,,,,,,,,Terrestre,Via pública / Rodovia,,"-10,7726185","-65,320032",,,275500,,,,Protetor da Fronteira e Divisas
3287300876,COP,30/10/2025,,Prisão/Apreensão,Descaminho (CP Art. 334),,Guajará-Mirim,RO,0,0,,,,,,,,,,,1,,,,,,,,,,,,,,,,Terrestre,Via pública / Rodovia,,"-10,7948636","-65,3446367",,,382879,,382879,,Protetor da Fronteira e Divisas
3287300872,COP,29/10/2025,7:42:35,BO,Descaminho (CP Art. 334),,Guajará-Mirim,RO,0,1,,,,,,,,,,,,,,,,,,,,,,,,,,,Terrestre,Via pública,,"-10,7870836","-65,3408691",,Internacional,1320,1320,,,Protetor da Fronteira e Divisas
3284700585,BO,23/10/2025,15:15,Prisão/Apreensão,"Tráfico de drogas (Lei 11.343/06, Art. 33)",,Guajará-Mirim,RO,1,0,"7,3",,,"7,3",,,,,,,,,,,,,,,,,,,,,,,Fluvial,Via pública / Rodovia,,"-10,7717098","-65,3240488",,Internacional,36500,,,,Protetor da Fronteira e Divisas
3284700583,COP,21/10/2025,17:33,Comunicação de Ocorrência,Facilitação de contrabando ou descaminho,,Guajará-Mirim,RO,0,0,,,,,,,,,,,1,,,,,,,685,,,,,,,,,Terrestre,Via pública,,"-10,78053","-65,3320441",,Brasileira,14636,,14636,,Protetor da Fronteira e Divisas
3284700582,BO/PA,18/10/2025,,Prisão/Apreensão,Cumprimento de mandado de prisão,,Guajará-Mirim,RO,1,0,,,,,,,,,,,,,,,,,,,,,,,,,,,Terrestre,Via pública / Rodovia,,"-10,7920848","-65,3465102",,,12327,,12327,,Protetor da Fronteira e Divisas
3284700581,BO/PA,18/10/2025,,Prisão/Apreensão,Cumprimento de mandado de prisão,,Guajará-Mirim,RO,1,0,,,,,,,,,,,,,,,,,,,,,,,,,,,Terrestre,Via pública / Rodovia,,"-10,7917852","-65,337939",,,,,,,Protetor da Fronteira e Divisas
3340600510,TCO,06/10/2025,16:19,Termo Circunstanciado,"LEI 9605/98, Art. 46, parágrafo Único - Transporte/guarda de madeira sem licença válida",,Porto Velho,RO,0,0,,,,,,,,,,,2,,,,,"22,52",,,,,,,,,,,Terrestre,Zona rural,,"-9,6494321","-65,6856926",,Brasileira,442856,,409076,,Protetor da Fronteira e Divisas
3284500692,BO/PA,03/10/2025,20:19:10,Prisao/Apreensao,"TRAFICO DE DROGAS (LEI 11.343/06, ART. 33 e 35) / POSSE IRREGULAR DE ARMA (LEI 10.826/03, ART. 12) / DISPARO DE ARMA (ART. 15) / RESISTENCIA (CP ART. 329) / TELECOMUNICACAO CLANDESTINA (LEI 9.472/97, ART. 183)",,Alta Floresta D'Oeste,RO,1,0,905,,482,420,,,,,2,36,2,,,,,,,,,,,,,,3,,Terrestre,Zona rural (fazenda/pista clandestina),,"-13,0815927","-62,2746349",,Internacional,29369240,,199000,,Protetor da Fronteira e Divisas
3284500681,Apoio,21/09/2025,20:10:00,Apoio,"APOIO AOS ORGAOS DE SEGURANCA PUBLICA / TRAFICO DE DROGAS (LEI 11.343/06, ART. 33)",,Porto Velho,RO,1,0,"130,55","3,1",,"127,45",,,,,,,,,,,,,,,,,,,,,,,Terrestre,Rodovia,,"-9,2855603","-64,5485455",,Internacional,940450,,,,Protetor da Fronteira e Divisas
3287300858,COP,20/09/2025,,Prisão/Apreensão,Contrabando de combustível (CP Art. 334-A),,Guajará-Mirim,RO,0,0,,,,,,,,,,,,250,,,,,,,,,,,,,,,Terrestre,Via pública / Área urbana,,"-10,7726185","-65,320032",,Brasileira,102800,,101100,,Patrulha Ordinária
3287300855,BO/PA,18/09/2025,,Prisão/Apreensão,Cumprimento de mandado de prisão,,Guajará-Mirim,RO,1,0,,,,,,,,,,,,,,,,,,,,,,,,,,,Terrestre,Via pública / Rodovia,,"-10,7892805","-65,3433273",,,,,,,Protetor da Fronteira e Divisas
3284500670,COP,10/09/2025,,Prisão/Apreensão,Roubo de veículo (CP Art. 157),,Guajará-Mirim,RO,0,0,,,,,,,,,,,1,,,,,,,,,,,,,,,,Terrestre,Via pública / Rodovia,,"-10,7870836","-65,3408691",,,,,,,Protetor da Fronteira e Divisas
3284500669,BO,09/09/2025,,Prisão/Apreensão,Adulteração de sinal identificador de veículo (CP Art. 311),,Nova Mamoré,RO,2,0,,,,,,,,,,,1,,,,,,,,,,,,,,,,Terrestre,Via pública / Rodovia,,"-10,4110529","-65,3308033",,,,,,,Protetor da Fronteira e Divisas
3304600329,BO,28/08/2025,,Prisão/Apreensão,Roubo de veículo (CP Art. 157),,São Miguel do Guaporé,RO,2,0,"0,012","0,002",,"0,01",,,,,,,1,,,,,,,,,,,,,,,,Terrestre,Via pública / Rodovia,,"-11,7250756","-62,6245734",,,154819,,154619,,Protetor da Fronteira e Divisas
3330000225,BO/PA,28/08/2025,,Prisão/Apreensão,Roubo de veículo (CP Art. 157),,Nova Brasilândia D'Oeste,RO,5,0,,,,,,,,,,,2,,,,,,,,,,,,,,,,Terrestre,Via pública / Rodovia,,"-11,7257304","-62,3167169",,,17409,,17409,,Patrulha Ordinária
3283700597,COP,25/08/2025,21:01:31,BO,Descaminho,,Guajará-Mirim,RO,0,0,,,,,,,,,,,,,,,,,,,200,,,,,,,,Terrestre,Rodovia,,"-10,7701298","-65,3222851",,Brasileira,200,,,,Protetor da Fronteira e Divisas
3284500664,COP,24/08/2025,,Prisão/Apreensão,"Tráfico de drogas (Lei 11.343/06, Art. 33)",,Rolim de Moura,RO,0,0,"412,19","324,15",,"88,04",,,,,,,1,200,,,,,,,,,,,,,,,Terrestre,Via pública / Rodovia,,"-11,7256983","-61,7781409",,,24822838,,70028,,Fronteira Segura
3271000836,BO/PA,21/08/2025,9:30:18,Prisao/Apreensao,"TRAFICO DE DROGAS (LEI 11.343/06, ART. 33) / ASSOCIACAO CRIMINOSA (CP ART. 288)",,Porto Velho,RO,3,0,"282,5","10,5",,"259,5",,"12,5",,,,,2,,,,,,,,,,,,,,,2007,Terrestre,Via vicinal (cascalheira) / BR-364,,"-9,6751328","-65,3958749",,Brasileira,1827507,,78000,,
3287300831,COP,19/08/2025,13:42,Prisão/Apreensão,"Tráfico de drogas (Lei 11.343/06, Art. 33)",,Guajará-Mirim,RO,0,0,"13,95",,,"13,95",,,,,,,1,,,,,,,,,,,,,,,,Terrestre,Via pública / Rodovia,,"-10,7701298","-65,3222851",,Brasileira,139750,,70000,,Fronteira Segura
3284500656,COP,19/08/2025,,Prisão/Apreensão,"Tráfico de drogas (Lei 11.343/06, Art. 33) / Posse irregular de munição (Lei 10.826/03, Art. 12) / Cumprimento de Mandado de Busca e Apreensão / Posse de drogas para uso pessoal (Lei 11.343/06, Art. 28)",,Nova Brasilândia D'Oeste,RO,3,0,"0,563",,,"0,5233","0,0397",,,,,17,,,,,,,,,,,,,,,,"3795,4",Terrestre,Residencia,,"-11,7291893","-62,3323258",,Brasileira,"6808,9",,,,Fronteira Segura
3284600481,BO,17/08/2025,,Prisão/Apreensão,Cumprimento de mandado de prisão,,Porto Velho,RO,1,0,,,,,,,,,,,,,,,,,,,,,,,,,,,Terrestre,Via pública / Rodovia,,"-8,8006492","-63,8734888",,,76290,,76290,,Protetor da Fronteira e Divisas
3287300828,COP,15/08/2025,,Prisão/Apreensão,"Tráfico de drogas (Lei 11.343/06, Art. 33)",,Guajará-Mirim,RO,0,0,21,,,21,,,,,,,,,,,,,,,,,,,,,,,Terrestre,Via pública / Rodovia,,"-10,7870836","-65,3408691",,,1202163,,1097163,,Fronteira Segura
3287300827,COP,15/08/2025,,Prisão/Apreensão,Recuperação de veículo (CP Art. 155/180),,Guajará-Mirim,RO,0,0,,,,,,,,,,,2,,,,,,,,,,,,,,,,Terrestre,Via pública / Rodovia,,"-10,7870836","-65,3408691",,,,,,,Outros
3283700589,BO,14/08/2025,,Prisão/Apreensão,Cumprimento de mandado de prisão,,Nova Mamoré,RO,1,0,,,,,,,,,,,,,,,,,,,,,,,,,,,Terrestre,Via pública / Rodovia,,"-10,1870092","-65,2892846",,,83071,,83071,,Protetor da Fronteira e Divisas
3266800154,BO/PA,14/08/2025,,Prisão/Apreensão,"Tráfico de drogas (Lei 11.343/06, Art. 33)",,Porto Velho,RO,2,0,"6,801",,,"6,801",,,,,,,,,,,,,,,,,,,,,,,Terrestre,Residencia / Hotel,,"-8,75977","-63,895581",,Brasileira,34005,,,,Protetor da Fronteira e Divisas
3283700585,COP,13/08/2025,9:36:52,Comunicacao de Ocorrencia,"DESCAMINHO / CRIME AMBIENTAL (LEI 9.605/98, ART. 56) / USURPACAO (LEI 8.176/91)",,Guajará-Mirim,RO,0,1,,,,,,,,,,,,96,20,4,,,,,,,,,,,,,Fluvial,Area de mata adjacente ao porto,,"-10,7979572","-65,3415985",,Internacional,"1988,8",,,,Protetor da Fronteira e Divisas
3287300815,BO/PA,11/08/2025,12:45:42,Prisao/Apreensao,RECEPTACAO (CP ART. 180),,Guajará-Mirim,RO,1,0,,,,,,,,,,,1,,,,,,,,,,,,,,,,Terrestre,Estabelecimento comercial (frigorifico),,"-10,7701298","-65,3222851",,Brasileira,7500,,7500,,Protetor da Fronteira e Divisas
3283700582,BO/PA,11/08/2025,,Prisão/Apreensão,Receptação (CP Art. 180),,Guajará-Mirim,RO,1,0,,,,,,,,,,,1,,,,,,,,,,,,,,,,Terrestre,Via pública / Rodovia,,"-10,7559391","-65,3074314",,,,,,,Protetor da Fronteira e Divisas
3283700577,COP,05/08/2025,,Prisão/Apreensão,Recuperação de veículo (CP Art. 155/180),,Porto Velho,RO,0,0,,,,,,,,,,,1,,,,,,,,,,,,,,,,Terrestre,Via pública / Rodovia,,"-9,735346","-65,2689562",,,6463,,6463,,Protetor da Fronteira e Divisas
3287300813,BO,04/08/2025,,Prisão/Apreensão,Adulteração de sinal identificador de veículo (CP Art. 311),,Guajará-Mirim,RO,1,0,,,,,,,,,,,1,,,,,,,,,,,,,,,,Terrestre,Via pública / Rodovia,,"-10,7915141","-65,344193",,,,,,,Protetor da Fronteira e Divisas
3287300811,COP,03/08/2025,,Prisão/Apreensão,"Tráfico de drogas (Lei 11.343/06, Art. 33)",,Porto Velho,RO,0,0,"0,012",,,"0,012",,,,,,,1,,,,,,,,,,,,,,,,Terrestre,Via pública / Rodovia,,"-8,9969059","-64,0051737",,,460060,,460000,,Protetor da Fronteira e Divisas
3286200574 / 3328000177,BO,30/07/2025,,Prisão/Apreensão,Recuperação de veículo (CP Art. 155/180),,Rolim de Moura,RO,1,0,,,,,,,,,,,1,,,,,,,,,,,,,,,,Terrestre,Via pública / Rodovia,,"-11,7260356","-61,7742316",,,48000,,48000,,Fronteira Segura
833851,COP,29/07/2025,,Prisão/Apreensão,"Sequestro e cárcere privado (CP Art. 148) / Extorsão mediante sequestro (CP Art. 159) / Organização criminosa (Lei 12.850/2013) / Ameaça (CP Art. 147) / Tráfico de drogas (Lei 11.343/06, Art. 33)",,Rolim de Moura,RO,0,0,"20,631","0,001",,"20,63",,,,,,,5,,,,,,,,,,,,,,,,Terrestre,Via pública / Área urbana,,"-11,7440835","-61,7934768",,Brasileira,172036,,68861,,Protetor da Fronteira e Divisas
3284800275,BO,28/07/2025,17:30,Prisão/Apreensão,"Tráfico de drogas (Lei 11.343/06, Art. 33)",,Porto Velho,RO,1,0,174,"26,5",,"147,5",,,,,,,,,,,,,,,,,,,,,,,Terrestre,Via pública / Área urbana,,"-8,7603579","-63,8237514",,Brasileira,2725000,,,,Protetor da Fronteira e Divisas
3287300803,TCO,26/07/2025,15:24:34,Termo Circunstanciado,"LEI 11.343/06, Art. 28 - Posse ou porte de drogas para uso pessoal",,Nova Mamoré,RO,0,0,"0,01",,,"0,01",,,,,,,,,,,,,,,,,,,,,,,Terrestre,Rodovia,,"-10,1870092","-65,2892846",,Brasileira,50,,,,Protetor da Fronteira e Divisas
3329901614,BO,21/07/2025,,Prisão/Apreensão,Cumprimento de mandado de prisão,,Alta Floresta D'Oeste,RO,1,0,,,,,,,,,,,,,,,,,,,,,,,,,,,Terrestre,Via pública / Rodovia,,"-11,9387537","-62,0122885",,,87399,,87399,,Patrulha Ordinária
3331000098,BO/PA,20/07/2025,15:08,Prisão/Apreensão,"Tráfico de drogas (Lei 11.343/06, Art. 33)",,Cacoal,RO,2,0,"57,207",,,"46,889","10,318",,,,,,1,,,,,,,,,,,,,,,,Terrestre,Via pública / Rodovia,,"-11,4408017","-61,4513039",,Brasileira,345625,,8000,,Protetor da Fronteira e Divisas
3284500620,BO/PA,15/07/2025,,Prisão/Apreensão,Apoio a órgão de segurança,,Porto Velho,RO,2,0,153,20,,133,,,,,,,2,,,,,,,,,,,,,,,,Terrestre,Via pública / Rodovia,,"-9,6751328","-65,3958749",,,2165000,,,,Protetor da Fronteira e Divisas
3287300781,COP,14/07/2025,,Prisão/Apreensão,Descaminho (CP Art. 334),,Guajará-Mirim,RO,0,0,,,,,,,,,,,1,220,,,,,,,,,,,,,,,Terrestre,Via pública / Rodovia,,"-10,7743667","-65,3236051",,,16496,,15000,,Protetor da Fronteira e Divisas
3287300775,BO,10/07/2025,,Prisão/Apreensão,"Porte ilegal de arma de fogo (Lei 10.826/03, Art. 14)",,Porto Velho,RO,1,0,,,,,,,,,1,,,,,,,,,,,,,,,,,,Terrestre,Via pública / Rodovia,,"-9,8597485","-65,2655672",,,45765,,40265,,Patrulha Ordinária
3340600536,COP,07/07/2025,,Prisão/Apreensão,Descaminho (CP Art. 334),,Nova Mamoré,RO,0,0,,,,,,,,,,,,,,,,,,,,,,,,,,,Terrestre,Via pública / Rodovia,,"-10,1870092","-65,2892846",,,,,,,Patrulha Ordinária
3283700521,TCO,05/07/2025,20:48,TCO,"TRANSPORTE IRREGULAR DE PRODUTO FLORESTAL SEM LICENÇA VÁLIDA (LEI 9.605/98, ART. 46, PARÁGRAFO ÚNICO) / DIRIGIR SEM HABILITAÇÃO GERANDO PERIGO DE DANO (ART. 309 DO CTB)",,Nova Mamoré,RO,0,1,,,,,,,,,,,2,,,,,61,,,,,,,,,,,Terrestre,Rodovia,,"-10,1870092","-65,2892846",,Brasileira,391500,,300000,,Fronteira Segura
3340600534,COP,05/07/2025,,Prisão/Apreensão,Descaminho (CP Art. 334),,Nova Mamoré,RO,0,0,,,,,,,,,,,,,,,,,,,,,,,,,,,Terrestre,Via pública / Rodovia,,"-10,1870092","-65,2892846",,Brasileira,,,,,Fronteira Segura
3283700504,COP,02/07/2025,8:46,Comunicação da Ocorrência Policial,Facilitação de contrabando ou descaminho,,Guajará-Mirim,RO,0,0,,,,,,,,,,,,,5710,,,,,,,,,,,,,,Terrestre,Via pública,,"-10,7711597","-65,3184065",,Brasileira,38828,,,,Fronteira Segura
3340600532,COP,02/07/2025,,Prisão/Apreensão,Descaminho (CP Art. 334),,Nova Mamoré,RO,0,1,,,,,,,,,,,,,,,,,,208,,,,,,,,,Terrestre,Via pública / Rodovia,,"-10,4113795","-65,332088",,,2800,2800,,,Fronteira Segura
3286200562,BO/PA,01/07/2025,,Prisão/Apreensão,Apoio a órgão de segurança,,Costa Marques,RO,1,0,"0,053","0,003",,"0,05",,,,,,,1,,,,,,,,,,,,,,,,Terrestre,Via pública / Rodovia,,"-12,2865495","-64,3933489",,,112411,,111936,,Fronteira Segura
3286200561,BO,30/06/2025,8:31,Prisão/Apreensão,"Tráfico de drogas (Lei 11.343/06, Art. 33)",,Costa Marques,RO,2,0,6130,,,6130,,,,,,,2,,,,,,,,,,,,,,,,Terrestre,Via pública / Rodovia,,"-12,0762376","-64,0277422",,Brasileira,73840000,,280000,,Fronteira Segura
3297600539,BO/PA,30/06/2025,18:00,Prisão/Apreensão,"Tráfico de drogas (Lei 11.343/06, Art. 33)",,Porto Velho,RO,1,0,80,,,80,,,,,,,3,,,,48000,,,,,,,,,,,,Terrestre,Via pública / Rodovia,,"-8,7803653","-63,8704371",,Brasileira,2350400,,920000,,Fronteira Segura
3283700502,BO,29/06/2025,,Prisão/Apreensão,Apoio a órgão de segurança,,Guajará-Mirim,RO,1,0,,,,,,,,,,,,,,,,,,,,,,,,,,,Terrestre,Via pública / Rodovia,,"-10,7870836","-65,3408691",,,,,,,Fronteira Segura
3286200560,BO,27/06/2025,,Prisão/Apreensão,"Tráfico de drogas (Lei 11.343/06, Art. 33)",,Nova Brasilândia D'Oeste,RO,2,0,"48,5",,,"48,5",,,,,,,2,,,,,,,,,,,,,,,,Terrestre,Via pública / Rodovia,,"-11,7259392","-62,3116194",,,328169,,85669,,Fronteira Segura
3284500568,COP,25/06/2025,,Prisão/Apreensão,Recuperação de veículo (CP Art. 155/180),,Porto Velho,RO,0,0,"59,8",,,"59,8",,,,,,,2,,,,,,,,,,,,,,,,Terrestre,Via pública / Rodovia,,"-8,9969059","-64,0051737",,,299000,,,,Fronteira Segura
3340600527,BO/PA,25/06/2025,20:47:16,Prisao/Apreensao,"TRAFICO DE DROGAS (LEI 11.343/06, ART. 33)",,Nova Mamoré,RO,1,0,13,,2,11,,,,,,,,,,,,,,,,,,,,,,,Terrestre,Rodovia (BR-425) / onibus,,"-10,4199095","-65,3356837",,Brasileira,155000,,,,Fronteira Segura
3283700501,COP,25/06/2025,,Prisão/Apreensão,Descaminho (CP Art. 334),,Guajará-Mirim,RO,0,0,,,,,,,,,,,1,200,,,,,,,,,,,,,,,Terrestre,Via pública / Rodovia,,"-10,7915141","-65,344193",,,1360,,,,Protetor da Fronteira e Divisas
3287300761,BO,18/06/2025,,Prisão/Apreensão,Furto de veículo (CP Art. 155),,Nova Mamoré,RO,1,0,,,,,,,,,,,1,,,,,,,,,,,,,,,,Terrestre,Via pública / Rodovia,,"-10,4106678","-65,3305618",,Brasileira,10633,,10633,,Fronteira Segura
3286200531,COP,17/06/2025,,Prisão/Apreensão,Recuperação de veículo (CP Art. 155/180),,Guajará-Mirim,RO,0,0,,,,,,,,,,,1,,,,,,,,,,,,,,,,Terrestre,Via pública / Rodovia,,"-10,7951719","-65,3443832",,,220000,,220000,,Fronteira Segura
3283700485,COP,13/06/2025,,Prisão/Apreensão,Contrabando de combustível (CP Art. 334-A),,Guajará-Mirim,RO,0,0,,,,,,,,,,,,191,,,,,,,,,,,,,,,Terrestre,Via pública / Rodovia,,"-10,7743667","-65,3236051",,,"1298,8",,,,Fronteira Segura
3283700486,COP,13/06/2025,,Prisão/Apreensão,Recuperação de veículo (CP Art. 155/180),,Guajará-Mirim,RO,0,0,,,,,,,,,,,1,,,,,,,,,,,,,,,,Terrestre,Via pública / Rodovia,,"-10,7933355","-65,3454383",,,,,,,Fronteira Segura
3286200518,BO,10/06/2025,,Prisão/Apreensão,"Tráfico de drogas (Lei 11.343/06, Art. 33)",,Porto Velho,RO,3,0,31,7,,24,,,,,,,2,,,,,,,,,,,,,,,,Terrestre,Via pública / Rodovia,,"-8,854157","-63,943283",,,657840,,12840,,Fronteira Segura
3283700474,COP,09/06/2025,,Prisão/Apreensão,Contrabando de combustível (CP Art. 334-A),,Guajará-Mirim,RO,0,0,,,,,,,,,,,,56,,,,,,,,,,,,,,,Terrestre,Via pública / Rodovia,,"-10,7726185","-65,320032",,,"16516,8",,16136,,Fronteira Segura
3284500566,BO,07/06/2025,,Prisão/Apreensão,Cumprimento de mandado de prisão,,Porto Velho,RO,1,0,,,,,,,,,,,,,,,,,,,,,,,,,,50,Terrestre,Residência,,"-9,2469732","-64,4065608",,Brasileira,50,,,,Protetor da Fronteira e Divisas
3340600494,TCO,02/06/2025,5:41,TCO,"CRIME AMBIENTAL - TRANSPORTE DE MADEIRA SEM LICENÇA VÁLIDA (LEI 9.605/98, ART. 46, PARÁGRAFO ÚNICO)",,Nova Mamoré,RO,0,1,,,,,,,,,,,1,,,,,27,,,,,,,,,,,Terrestre,Zona rural,,"-10,1884975","-64,2685585",,Brasileira,290500,,250000,,Protetor da Fronteira e Divisas
3277700587,COP,31/05/2025,,Prisão/Apreensão,Recuperação de veículo (CP Art. 155/180),,Porto Velho,RO,0,0,,,,,,,,,,,1,,,,,,,,,,,,,,,,Terrestre,Via pública / Rodovia,,"-8,7616136","-63,9061587",,,65349,,65349,,Fronteira Segura
3340600478,COP,30/05/2025,11:04,BO,Descaminho,,Nova Mamoré,RO,0,0,,,,,,,,,,,,,,,,,,47,350,,,,,,,,Terrestre,Rodovia,,"-10,2571015","-65,2900856",,Brasileira,350,,,,Protetor da Fronteira e Divisas
3286200509,COP,30/05/2025,,Prisão/Apreensão,"Tráfico de drogas (Lei 11.343/06, Art. 33)",,Novo Horizonte D'Oeste,RO,0,0,"0,027",,,"0,027",,,,,,,,,,,,,,,,,,,,,,,Terrestre,Via pública / Rodovia,,"-11,6799755","-61,9982573",,,135,,,,Fronteira Segura
3284500545,TCO,28/05/2025,0:33,TCO,"CRIME AMBIENTAL - TRANSPORTAR MADEIRA SEM LICENÇA VÁLIDA (LEI 9.605/98, ART. 46, PARÁGRAFO ÚNICO)",,Porto Velho,RO,0,1,,,,,,,,,,,1,,,,,52,,,,,,,,,,,Terrestre,Zona rural,,"-10,0284829","-63,9032275",,Brasileira,268000,,190000,,Protetor da Fronteira e Divisas
3315000126,COP,27/05/2025,,Prisão/Apreensão,"Tráfico de drogas (Lei 11.343/06, Art. 33)",,Pimenta Bueno,RO,2,0,"0,103",,,"0,103",,,,,,,1,,,,,,,,,,,,,,,,Terrestre,Via pública / Rodovia,,"-11,6821074","-61,1934707",,,51758,,51243,,Fronteira Segura
3331800372,BO,20/05/2025,,Prisão/Apreensão,Cumprimento de mandado de prisão,,Nova Mamoré,RO,1,0,,,,,,,,,,,,,,,,,,,,,,,,,,,Terrestre,Via pública / Rodovia,,"-10,4864037","-64,0476379",,,7772,,7772,,Maximus
3284600401,BO/PA,11/05/2025,19:17:29,Prisao/Apreensao,"PORTE ILEGAL DE ARMA DE FOGO DE USO PERMITIDO (LEI 10.826/03, ART. 14)",,Porto Velho,RO,1,0,,,,,,,,,1,13,,,,,,,,,,,,,,,,,Terrestre,Posto de combustivel / rodovia,,"-9,6751328","-65,3958749",,Brasileira,8000,,,,Maximus
3331300208,BO/PA,08/05/2025,16:08:38,Prisao/Apreensao,"TRAFICO DE DROGAS (LEI 11.343/06, ART. 33)",,Nova Brasilândia D'Oeste,RO,2,0,152,,"21,5","130,5",,,,,,,1,,,,,,,,,,,,,,,,Terrestre,Rodovia (RO-010),,"-11,6042066","-62,2749215",,Brasileira,2687000,,46000,,
3286200273,COP,02/05/2025,9:13,BO,Descaminho,,Guajará-Mirim,RO,0,0,,,,,,,,,,,,,,,56,,,,1440,,,,,,,,Terrestre,Área de mata,,"-10,7870836","-65,3408691",,Brasileira,"1988,8",,,,Fronteira Segura
3283700394,COP,28/04/2025,,Prisão/Apreensão,Contrabando de combustível (CP Art. 334-A),,Guajará-Mirim,RO,0,0,,,,,,,,,,,,349,,,,,,,,,,,,,,,Terrestre,Via pública / Porto clandestino,,"-10,7951719","-65,3443832",,Brasileira,"2373,2",,,,Fronteira Segura
3284200429,BO,27/04/2025,,Prisão/Apreensão,"Porte ilegal de arma de fogo (Lei 10.826/03, Art. 14)",,Guajará-Mirim,RO,1,0,,,,,,,,,1,6,,,,,,,,,,,,,,,,,Terrestre,Via pública,,"-10,7751801","-65,1819136",,,272223,,266723,,Fronteira Segura
3283700392,COP,26/04/2025,2:48:04,BO,Descaminho,,Porto Velho,RO,0,0,,,,,,,,,,,,,,,,,,,1280,,,,,,,,Terrestre,Rodovia,,"-8,9969059","-64,0051737",,Brasileira,1280,,,,Fronteira Segura
3283700388,COP,24/04/2025,,Prisão/Apreensão,Apropriação indébita (CP Art. 168),,Porto Velho,RO,1,0,,,,,,,,,,,1,,,,,,,,,,,,,,,,Terrestre,Via pública / Rodovia,,"-8,9969059","-64,0051737",,,,,,,Madeira Mamoré / Protetor da Fronteira e Divisas
3340600429,COP,24/04/2025,,Prisão/Apreensão,Descaminho (CP Art. 334),,Guajará-Mirim,RO,0,0,,,,,,,,,,,,,,,,,,,,,,,,,,,Terrestre,Via pública / Área urbana,,"-10,7780099","-65,3194984",,Brasileira,,,,,Madeira Mamoré / Protetor da Fronteira e Divisas
3286200490,COP,19/04/2025,,Prisão/Apreensão,Contrabando de combustível (CP Art. 334-A),,Guajará-Mirim,RO,0,0,,,,,,,,,,,,310,,,,,,,,,,,,,,,Terrestre,Via pública / Rodovia,,"-10,7951719","-65,3443832",,,72108,,70000,,Madeira Mamoré / Protetor da Fronteira e Divisas
3286200491,COP,19/04/2025,12:56:06,BO,Descaminho,,Guajará-Mirim,RO,0,0,,,,,,,,,,,,,,,,,,,,4,,,,,,,Terrestre,Via pública,,"-10,7701298","-65,3222851",,Brasileira,9600,9600,,,Protetor da Fronteira e Divisas
3340600426,COP,18/04/2025,,Prisão/Apreensão,Contrabando de combustível (CP Art. 334-A),,Guajará-Mirim,RO,0,0,,,,,,,,,,,,180,,,,,,,,,,,,,,,Terrestre,Via pública / Rodovia,,"-10,7914664","-65,3456849",,,111224,,110000,,Madeira Mamoré
3287300691,COP,17/04/2025,,Prisão/Apreensão,Contrabando de combustível (CP Art. 334-A),,Guajará-Mirim,RO,0,0,,,,,,,,,,,,,,,,,,,,,,,,,,,Terrestre,Via pública / Rodovia,,"-10,7780099","-65,3194984",,,55000,,55000,,Protetor da Fronteira e Divisas
3309600235,BO/PA,16/04/2025,,Prisão/Apreensão,"Tráfico de drogas (Lei 11.343/06, Art. 33)",,Nova Mamoré,RO,1,0,,,,,,,,,,,,,,,,,,,,,,,,,,,Terrestre,Rodovia (BR-425),,"-10,1870092","-65,2892846",,Brasileira,,,,,Fronteira Segura
3286200489,BO,13/04/2025,16:57,Prisão/Apreensão,"Tráfico de drogas (Lei 11.343/06, Art. 33)",,Guajará-Mirim,RO,2,0,"0,501",,,"0,501",,,,,,2,,,,,,,,,,,,,,,,6487,Terrestre,Via pública / Rodovia,,"-10,7656537","-65,3090107",,Brasileira,8992,,,,Protetor da Fronteira e Divisas
3284500541,COP,09/04/2025,,Prisão/Apreensão,Descaminho (CP Art. 334),,Guajará-Mirim,RO,0,0,,,,,,,,,,,1,480,,,,,,,,,,,,,,,Terrestre,Via pública / Rodovia,,"-10,7870836","-65,3408691",,Brasileira,58264,,55000,,Protetor da Fronteira e Divisas
3286200486,COP,09/04/2025,,Prisão/Apreensão,Contrabando de combustível (CP Art. 334-A),,Guajará-Mirim,RO,0,0,,,,,,,,,,,,774,,,,,,,,,,,,,,,Terrestre,Via pública / Rodovia,,"-10,7680369","-65,3086135",,,"5263,2",,,,Protetor da Fronteira e Divisas
3338500240,BO,02/04/2025,,Prisão/Apreensão,"Tráfico de drogas (Lei 11.343/06, Art. 33)",,Alta Floresta D'Oeste,RO,2,0,350,350,,,,,,,,,1,,,,,,,,,,,,,,,,Terrestre,Via pública / Rodovia,,"-11,9325662","-62,0017012",,,26390000,,140000,,Protetor da Fronteira e Divisas
3283700355,BO/PA,28/03/2025,,Prisão/Apreensão,Cumprimento de mandado de prisão,,Guajará-Mirim,RO,2,0,,,,,,,,,,,,,,,,,,,,,,,,,,,Terrestre,Via pública / Rodovia,,"-10,7951719","-65,3443832",,,10000,,10000,,Protetor da Fronteira e Divisas
3284500539,COP,26/03/2025,,Prisão/Apreensão,Contrabando de combustível (CP Art. 334-A),,Guajará-Mirim,RO,0,0,,,,,,,,,,,,,,,,,,,,,,,,,,,Terrestre,Via pública / Rodovia,,"-10,7685726","-65,3089288",,,,,,,Protetor da Fronteira e Divisas
3283700343,BO,25/03/2025,,Prisão/Apreensão,"Tráfico de drogas (Lei 11.343/06, Art. 33)",,Guajará-Mirim,RO,3,0,30,30,,,,,,,,,3,,,,,,,,,,,,,,,,Terrestre,Via pública / Rodovia,,"-10,7751801","-65,1819136",,,2292037,,42037,,Protetor da Fronteira e Divisas
3287300668,BO,19/03/2025,,Prisão/Apreensão,"Tráfico de drogas (Lei 11.343/06, Art. 33)",,Guajará-Mirim,RO,1,0,"26,981","26,9",,"0,081",,,,,,,1,,,,,,,,,,,,,,,,Terrestre,Via pública / Rodovia,,"-10,7870836","-65,3408691",,,2107905,,90000,,Protetor da Fronteira e Divisas
3284200401,COP,12/03/2025,,Prisão/Apreensão,Recuperação de veículo (CP Art. 155/180),,Nova Brasilândia D'Oeste,RO,0,0,,,,,,,,,,,1,,,,,,,,,,,,,,,,Terrestre,Via pública / Rodovia,,"-11,7261674","-62,318088",,,,,,,Protetor da Fronteira e Divisas
3286200371,COP,11/03/2025,8:22,BO,Contrabando,,Nova Mamoré,RO,0,0,"9,57",,,,,,,,,,,,,,,,,,,,,,,,"9,57",,Terrestre,Porto clandestino,,"-10,0552055","-65,3214079",,Brasileira,"765,6",,,,Protetor da Fronteira e Divisas
3286200369,COP,11/03/2025,,Prisão/Apreensão,Contrabando de cigarros (CP Art. 334-A),,Nova Mamoré,RO,0,0,,,,,,,,,,,,,,,,,,,,,,,,,,,Terrestre,Via pública / Rodovia,,"-10,1870092","-65,2892846",,,,,,,Fronteira Segura
3284600338,BO,03/03/2025,,Prisão/Apreensão,Recuperação de veículo (CP Art. 155/180),,Porto Velho,RO,1,0,,,,,,,,,,,1,,,,,,,,,,,,,,,,Terrestre,Via pública / Rodovia,,"-8,7851706","-63,8970097",,,,,,,
3287300628,COP,03/03/2025,,Prisão/Apreensão,Homicídio (CP Art. 121),,Porto Velho,RO,0,0,,,,,,,,,,,,,,,,,,,,,,,,,,,Terrestre,Via pública / Rodovia,,"-8,7953783","-63,8355599",,,,,,,
3340600378,BO,27/02/2025,,Prisão/Apreensão,Apoio a órgão de segurança,,Rolim de Moura,RO,1,0,,,,,,,,,,,1,,,,,,,,,,,,,,,,Terrestre,Via pública / Rodovia,,"-11,7243967","-61,7781887",,,,,,,
3286200350,BO/PA,24/02/2025,16:55:04,Prisao/Apreensao,"TRAFICO DE DROGAS (LEI 11.343/06, ART. 33) / CUMPRIMENTO DE MANDADO DE PRISAO",,Guajará-Mirim,RO,1,0,"1,924","0,024",,"1,9",,,,,,,,,,,,,,,,,,,,,,,Terrestre,Residencia,,"-10,7736746","-65,3146032",,Brasileira,23400,,,,Fronteira Segura
3340600377,BO/PA,23/02/2025,,Prisão/Apreensão,Contrabando de cigarros (CP Art. 334-A),,São Miguel do Guaporé,RO,2,0,,,,,,,,,,,2,,,,,,,,,,,,,,,,Terrestre,Via pública / Rodovia,,"-11,6939572","-62,7491723",,,95000,,95000,,
3284700513,COP,18/02/2025,,Prisão/Apreensão,Recuperação de veículo (CP Art. 155/180),,Porto Velho,RO,0,0,,,,,,,,,,,1,,,,,,,,,,,,,,,,Terrestre,Via pública / Rodovia,,"-8,7823818","-63,8407034",,,105000,,105000,,
3286200312,COP,14/02/2025,,Prisão/Apreensão,Descaminho (CP Art. 334),,Guajará-Mirim,RO,0,0,,,,,,,,,,,,,,,,,,,,,,,,,,,Terrestre,Via pública / Rodovia,,"-10,7951719","-65,3443832",,,,,,,
3284200353,COP,13/02/2025,,Prisão/Apreensão,Contrabando de combustível (CP Art. 334-A),,Guajará-Mirim,RO,0,0,,,,,,,,,,,1,20,500,,,,,,,,,,,,,,Terrestre,Via pública / Rodovia,,"-10,7780099","-65,3194984",,,3536,,,,
3284600333,BO,12/02/2025,,Prisão/Apreensão,Cumprimento de mandado de prisão,,Nova Mamoré,RO,1,0,,,,,,,,,,,,,,,,,,,,,,,,,,,Terrestre,Via pública / Rodovia,,"-10,1870092","-65,2892846",,,90000,,90000,,Fronteira Segura
3284600317,COP,12/02/2025,1:33:28,Comunicação de Ocorrência,Facilitação de contrabando ou descaminho,,Porto Velho,RO,0,1,,,,,,,,,,,,,,,,,,1012,,,,,,,,,Terrestre,Rodovia,,"-8,854157","-63,943283",,Brasileira,80960,80960,,,
3284500495,COP,04/02/2025,11:22,Prisão/Apreensão,Recuperação de veículo roubado (CP Art. 155/180),,Guajará-Mirim,RO,0,0,,,,,,,,,,,1,,,,,,,,,,,,,,,,Terrestre,Via pública / Área de mata,,"-10,7717098","-65,3240488",,Fronteira Segura (SESDEC-RO/PMRO/CPE/BPFRON/SENASP/MJSP),285000,,285000,,Fronteira Segura
3283500124,COP,04/02/2025,20:20,Prisão/Apreensão,Apreensão de veículo clonado,,Guajará-Mirim,RO,0,0,,,,,,,,,,,1,,,,,,,,,,,,,,,,Terrestre,Via pública / Porto clandestino,,"-10,7870836","-65,3408691",,Brasileira,12500,,12500,,Fronteira Segura
3284600279,BO/PA,03/02/2025,12:20:18,Prisao/Apreensao,RECAPTURA DE FORAGIDOS (entregues pela Policia Nacional Boliviana),,Nova Mamoré,RO,4,0,,,,,,,,,,,,,,,,,,,,,,,,,,,Terrestre,Porto/Distrito de Araras,,"-10,0552055","-65,3214079",,Internacional,,,,,Fronteira Segura
3284600272,BO/PA,02/02/2025,16:08:07,Prisao/Apreensao,RECAPTURA DE FORAGIDO (mandado de prisao em aberto),,Nova Mamoré,RO,1,0,,,,,,,,,,,,,,,,,,,,,,,,,,,Terrestre,Vila Arara (residencia),,"-10,4506209","-64,1641511",,Brasileira,,,,,Fronteira Segura
3098100235,COP,19/01/2023,11:09:17,BO,DESCAMINHO,,Nova Mamoré,RO,0,1,,,,,,,,,,,,,,,,,,,,,,,,,,,Terrestre,Rodovia,,"-10,4110529","-65,3308033",,Não informado,9390,9390,,,Guardiões da Fronteira
3112400019,COP,07/12/2022,7:40:06,BO,DESCAMINHO,,Guajará-Mirim,RO,0,1,,,,,,,,,,,,110,,,,,,,,,,,,,,,Fluvial,Via pública / Porto clandestino,,"-10,7951719","-65,3443832",,Internacional,748,,,,Hórus / Guardiões da Fronteira
3112400018,COP,27/11/2022,19:30:00,BO,DESCAMINHO,,Guajará-Mirim,RO,0,1,,,,,,,,,,,,,,9,,,,,,,,,,,,,Fluvial,Via pública / Porto clandestino,,"-10,7958653","-65,3436782",,Internacional,2700,,,,Hórus / Guardiões da Fronteira
3098800214,BO/PA,16/10/2022,13:11:03,Prisão/Apreensão,"Tráfico de drogas (Lei 11.343/06, Art. 33)",,Nova Mamoré,RO,1,0,30,,30,,,,,,,,1,,,,,,,,,,,,,,,104,Terrestre,Via pública,,"-10,0837737","-65,2913916",,Brasileira,1541604,,41500,,
3223200038,COP,03/10/2022,8:53:09,BO,DESCAMINHO,,Guajará-Mirim,RO,0,1,,,,,,,,,,,,92,,,20,,,,,,,,,,,,Fluvial,Via pública / Porto clandestino,,"-10,7951719","-65,3443832",,Internacional,"821,6",,,,Hórus / Guardiões da Fronteira
3223200034,COP,28/09/2022,14:34:34,BO,DESCAMINHO,,Guajará-Mirim,RO,0,1,,,,,,,,,,,,,,,,,,,,,,,,,,,Fluvial,Via pública / Porto clandestino,,"-10,7951719","-65,3443832",,Internacional,,,,,Hórus / Guardiões da Fronteira
